[{"model": "app.userprofile", "pk": 5, "fields": {"user": 5, "profile_pic": "profile_pic/Web47_oFo56de.png", "about": "test test test test test.", "job_title": "Admin1232", "country": "USA1", "address": "Vapi", "mobile_number": "9898989898"}}, {"model": "app.userprofile", "pk": 7, "fields": {"user": 7, "profile_pic": "profile_pic/map-marker.png", "about": "test test test testteast", "job_title": "Tester ", "country": "USA", "address": "Amreli", "mobile_number": "9898989898"}}, {"model": "app.userprofile", "pk": 9, "fields": {"user": 9, "profile_pic": "profile_pic/car.jpeg", "about": "sdsndbsndsbandsbamndsbandbdnbassdbamndbm", "job_title": "Reporter", "country": "IND", "address": "Surat", "mobile_number": "232323223323"}}, {"model": "app.customuser", "pk": 5, "fields": {"password": "pbkdf2_sha256$600000$K32Y6PoCUc4lPDMpQOCepC$zpoI3rgCFORu2Ut7Klf6hykLn6hjdcA/04DyffQfkqk=", "last_login": "2023-09-22T11:37:24.384Z", "is_superuser": true, "username": "admin", "first_name": "", "last_name": "", "is_staff": true, "is_active": true, "date_joined": "2023-08-17T12:18:21.574Z", "name": "Super admin", "email": "admin@gmail.com", "groups": [], "user_permissions": []}}, {"model": "app.customuser", "pk": 7, "fields": {"password": "pbkdf2_sha256$600000$9XiTr8p5EmxyKbdqha5Jnk$C7m51sqXczCgi4P6G4D3lpJFB9Y/sP3t6KEJtWZs7qE=", "last_login": "2023-09-11T05:22:56.514Z", "is_superuser": false, "username": "test", "first_name": "", "last_name": "", "is_staff": false, "is_active": true, "date_joined": "2023-08-17T12:50:36.636Z", "name": "", "email": "test32@gmail.com", "groups": [], "user_permissions": []}}, {"model": "app.customuser", "pk": 9, "fields": {"password": "pbkdf2_sha256$600000$T0OTXkTfldYlKRRw2U5sW0$6J99SSJqNS0kARjTTBMuehMe0NQObSb76YvjEL6wbHI=", "last_login": null, "is_superuser": false, "username": "xyzabc", "first_name": "", "last_name": "", "is_staff": false, "is_active": true, "date_joined": "2023-08-17T12:51:33.140Z", "name": "", "email": "test1@gmail.com", "groups": [], "user_permissions": []}}, {"model": "app.category", "pk": 1, "fields": {"name": "Electronics"}}, {"model": "app.category", "pk": 3, "fields": {"name": "Furniture"}}, {"model": "app.category", "pk": 4, "fields": {"name": "Groceries"}}, {"model": "app.category", "pk": 5, "fields": {"name": "Toys and Games"}}, {"model": "app.category", "pk": 6, "fields": {"name": "Jewelry"}}, {"model": "app.product", "pk": 2, "fields": {"label": "Ultra HD Smart TV", "description": "this is TV", "category": 1, "product_image": "product_images/Ultra_HD_Smart_TV.jpeg", "quantity": 20, "price": "50000.00"}}, {"model": "app.product", "pk": 3, "fields": {"label": "Laptop PowerBook 15", "description": "this is laptop", "category": 1, "product_image": "product_images/Laptop_PowerBook_15.jpeg", "quantity": 30, "price": "75000.00"}}, {"model": "app.product", "pk": 4, "fields": {"label": "Modern L-Shaped Sofa", "description": "this is sofaaa", "category": 3, "product_image": "product_images/Modern_L-Shaped_Sofa.jpeg", "quantity": 21, "price": "12000.00"}}, {"model": "app.product", "pk": 5, "fields": {"label": "Folding Table1", "description": "this is table", "category": 3, "product_image": "product_images/Folding_Table.jpeg", "quantity": 10, "price": "8000.00"}}, {"model": "app.product", "pk": 7, "fields": {"label": "Leather Watch", "description": "Leather Watch Leather Watch Leather Watch", "category": 6, "product_image": "product_images/watch.jpeg", "quantity": 25, "price": "1200.00"}}, {"model": "app.product", "pk": 8, "fields": {"label": "Remote Control Car", "description": "Remote Control Car Remote Control Car Remote Control Car", "category": 5, "product_image": "product_images/car_zqBkQIE.jpeg", "quantity": 15, "price": "600.00"}}, {"model": "app.product", "pk": 14, "fields": {"label": "Head Phone", "description": "this is the Head phone..", "category": 1, "product_image": "product_images/headphone.jpeg", "quantity": 10, "price": "500.00"}}, {"model": "app.product", "pk": 15, "fields": {"label": "Banana", "description": "asdvdvasndvn", "category": 4, "product_image": "product_images/product.png", "quantity": 32, "price": "12.00"}}, {"model": "app.product", "pk": 17, "fields": {"label": "Coffee Mug", "description": "rthrhdf", "category": 4, "product_image": "product_images/Coffee_Mug.jpeg", "quantity": 15, "price": "23.00"}}, {"model": "app.product", "pk": 18, "fields": {"label": "Silver Necklace", "description": "bgdfdgb dsjkn ksdjn klsdng", "category": 6, "product_image": "product_images/Silver_Necklace.jpeg", "quantity": 30, "price": "1500.00"}}, {"model": "app.product", "pk": 20, "fields": {"label": "Football", "description": "(White) Hot Shots Size 5 Football", "category": 5, "product_image": "product_images/toy-footballs.jpg", "quantity": 10, "price": "300.00"}}, {"model": "app.product", "pk": 21, "fields": {"label": "Bracelet", "description": "Fashion Jewelry Hip Hop CZ Hinged Bracelet Ring Set.", "category": 6, "product_image": "product_images/shopping.webp", "quantity": 30, "price": "45000.00"}}, {"model": "app.order", "pk": 78, "fields": {"user": 5, "name": "test", "email": "test@gmail.com", "status": "Delivered", "total_amount": "50000.00", "date": "2023-09-13T09:35:48.576Z", "payment_method": "False", "address": "Test Gujarat", "mobile_number": "7043026287", "payment_done": false, "product": []}}, {"model": "app.order", "pk": 79, "fields": {"user": 5, "name": "XYZ", "email": "test@gmail.com", "status": "Processing", "total_amount": "3000.00", "date": "2023-09-13T10:17:00.981Z", "payment_method": "False", "address": "Gujarat", "mobile_number": "9899898998", "payment_done": false, "product": []}}, {"model": "app.order", "pk": 80, "fields": {"user": 5, "name": "test", "email": "test@gmail.com", "status": "Delivered", "total_amount": "54848.00", "date": "2023-09-13T10:34:13.248Z", "payment_method": "False", "address": "Test Gujarat", "mobile_number": "7043026287", "payment_done": false, "product": [2, 7, 8, 15]}}, {"model": "app.order", "pk": 81, "fields": {"user": 5, "name": "test", "email": "test@gmail.com", "status": "processing", "total_amount": "108092.00", "date": "2023-09-14T05:00:41.820Z", "payment_method": "False", "address": "Vapi", "mobile_number": "9899898998", "payment_done": false, "product": [2, 5, 17]}}, {"model": "app.order", "pk": 82, "fields": {"user": 5, "name": "Rama", "email": "a@gmail.com", "status": "processing", "total_amount": "24.00", "date": "2023-09-14T05:11:20.729Z", "payment_method": "False", "address": "Vapi", "mobile_number": "9899898998", "payment_done": false, "product": [15]}}, {"model": "app.order", "pk": 83, "fields": {"user": 5, "name": "XYZ", "email": "a@gmail.com", "status": "processing", "total_amount": "1500.00", "date": "2023-09-14T05:13:12.115Z", "payment_method": "False", "address": "Gujarat", "mobile_number": "9899898998", "payment_done": false, "product": [18]}}, {"model": "app.order", "pk": 84, "fields": {"user": 5, "name": "Premal", "email": "test@gmail.com", "status": "Delivered", "total_amount": "1200.00", "date": "2023-09-14T05:15:30.096Z", "payment_method": "False", "address": "Vapi", "mobile_number": "9899898998", "payment_done": false, "product": [7]}}, {"model": "app.order", "pk": 85, "fields": {"user": 5, "name": "test", "email": "test1@gmail.com", "status": "Processing", "total_amount": "8000.00", "date": "2023-09-14T05:18:13.719Z", "payment_method": "cod", "address": "Gujarat", "mobile_number": "7043026287", "payment_done": false, "product": [5]}}, {"model": "app.order", "pk": 117, "fields": {"user": 5, "name": "Premal", "email": "test1@gmail.com", "status": "Processing", "total_amount": "21712.00", "date": "2023-09-18T12:47:16.078Z", "payment_method": "cod", "address": "Ahmedabad ccc", "mobile_number": "7043026287", "payment_done": true, "product": [4, 5, 8, 14, 15, 20]}}, {"model": "app.order", "pk": 118, "fields": {"user": 5, "name": "Rama", "email": "a@gmail.com", "status": "Processing", "total_amount": "75000.00", "date": "2023-09-18T12:48:10.367Z", "payment_method": "cod", "address": "Vapi", "mobile_number": "7043026287", "payment_done": true, "product": [3]}}, {"model": "app.order", "pk": 119, "fields": {"user": 5, "name": "test", "email": "test1@gmail.com", "status": "Processing", "total_amount": "75000.00", "date": "2023-09-18T12:48:27.901Z", "payment_method": "cod", "address": "Ahmedabad ccc", "mobile_number": "9899898998", "payment_done": true, "product": [3]}}, {"model": "app.order", "pk": 120, "fields": {"user": 5, "name": "Rama", "email": "a@gmail.com", "status": "Processing", "total_amount": "45600.00", "date": "2023-09-18T12:48:50.236Z", "payment_method": "cod", "address": "Gujarat", "mobile_number": "9899898988", "payment_done": true, "product": [8, 21]}}, {"model": "app.order", "pk": 121, "fields": {"user": 5, "name": "Rama", "email": "a@gmail.com", "status": "Processing", "total_amount": "1500.00", "date": "2023-09-18T12:49:08.011Z", "payment_method": "cod", "address": "Ahmedabad ccc", "mobile_number": "9899898998", "payment_done": true, "product": [18]}}, {"model": "app.orderitem", "pk": 69, "fields": {"order": 78, "product": 2, "quantity": 1, "price": "50000.00"}}, {"model": "app.orderitem", "pk": 70, "fields": {"order": 79, "product": 18, "quantity": 2, "price": "1500.00"}}, {"model": "app.orderitem", "pk": 71, "fields": {"order": 80, "product": 2, "quantity": 1, "price": "50000.00"}}, {"model": "app.orderitem", "pk": 72, "fields": {"order": 80, "product": 8, "quantity": 2, "price": "600.00"}}, {"model": "app.orderitem", "pk": 73, "fields": {"order": 80, "product": 7, "quantity": 3, "price": "1200.00"}}, {"model": "app.orderitem", "pk": 74, "fields": {"order": 80, "product": 15, "quantity": 4, "price": "12.00"}}, {"model": "app.orderitem", "pk": 75, "fields": {"order": 81, "product": 5, "quantity": 1, "price": "8000.00"}}, {"model": "app.orderitem", "pk": 76, "fields": {"order": 81, "product": 17, "quantity": 4, "price": "23.00"}}, {"model": "app.orderitem", "pk": 77, "fields": {"order": 81, "product": 2, "quantity": 2, "price": "50000.00"}}, {"model": "app.orderitem", "pk": 78, "fields": {"order": 82, "product": 15, "quantity": 2, "price": "12.00"}}, {"model": "app.orderitem", "pk": 79, "fields": {"order": 83, "product": 18, "quantity": 1, "price": "1500.00"}}, {"model": "app.orderitem", "pk": 80, "fields": {"order": 84, "product": 7, "quantity": 1, "price": "1200.00"}}, {"model": "app.orderitem", "pk": 81, "fields": {"order": 85, "product": 5, "quantity": 1, "price": "8000.00"}}, {"model": "app.orderitem", "pk": 133, "fields": {"order": 117, "product": 4, "quantity": 1, "price": "12000.00"}}, {"model": "app.orderitem", "pk": 134, "fields": {"order": 117, "product": 5, "quantity": 1, "price": "8000.00"}}, {"model": "app.orderitem", "pk": 135, "fields": {"order": 117, "product": 15, "quantity": 1, "price": "12.00"}}, {"model": "app.orderitem", "pk": 136, "fields": {"order": 117, "product": 14, "quantity": 1, "price": "500.00"}}, {"model": "app.orderitem", "pk": 137, "fields": {"order": 117, "product": 8, "quantity": 1, "price": "600.00"}}, {"model": "app.orderitem", "pk": 138, "fields": {"order": 117, "product": 20, "quantity": 2, "price": "300.00"}}, {"model": "app.orderitem", "pk": 139, "fields": {"order": 118, "product": 3, "quantity": 1, "price": "75000.00"}}, {"model": "app.orderitem", "pk": 140, "fields": {"order": 119, "product": 3, "quantity": 1, "price": "75000.00"}}, {"model": "app.orderitem", "pk": 141, "fields": {"order": 120, "product": 8, "quantity": 1, "price": "600.00"}}, {"model": "app.orderitem", "pk": 142, "fields": {"order": 120, "product": 21, "quantity": 1, "price": "45000.00"}}, {"model": "app.orderitem", "pk": 143, "fields": {"order": 121, "product": 18, "quantity": 1, "price": "1500.00"}}, {"model": "app.cartitem", "pk": 58, "fields": {"user": 7, "product": 3, "quantity": 1}}, {"model": "app.cartitem", "pk": 60, "fields": {"user": 7, "product": 14, "quantity": 1}}]