PRAGMA foreign_keys=OFF;
BEGIN TRANSACTION;
CREATE TABLE IF NOT EXISTS "django_migrations" ("id" integer NOT NULL PRIMARY KEY AUTOINCREMENT, "app" varchar(255) NOT NULL, "name" varchar(255) NOT NULL, "applied" datetime NOT NULL);
INSERT INTO django_migrations VALUES(1,'contenttypes','0001_initial','2023-08-11 05:33:30.265971');
INSERT INTO django_migrations VALUES(2,'contenttypes','0002_remove_content_type_name','2023-08-11 05:33:30.283553');
INSERT INTO django_migrations VALUES(3,'auth','0001_initial','2023-08-11 05:33:30.305394');
INSERT INTO django_migrations VALUES(4,'auth','0002_alter_permission_name_max_length','2023-08-11 05:33:30.315725');
INSERT INTO django_migrations VALUES(5,'auth','0003_alter_user_email_max_length','2023-08-11 05:33:30.325624');
INSERT INTO django_migrations VALUES(6,'auth','0004_alter_user_username_opts','2023-08-11 05:33:30.333202');
INSERT INTO django_migrations VALUES(7,'auth','0005_alter_user_last_login_null','2023-08-11 05:33:30.341011');
INSERT INTO django_migrations VALUES(8,'auth','0006_require_contenttypes_0002','2023-08-11 05:33:30.343626');
INSERT INTO django_migrations VALUES(9,'auth','0007_alter_validators_add_error_messages','2023-08-11 05:33:30.350831');
INSERT INTO django_migrations VALUES(10,'auth','0008_alter_user_username_max_length','2023-08-11 05:33:30.360237');
INSERT INTO django_migrations VALUES(11,'auth','0009_alter_user_last_name_max_length','2023-08-11 05:33:30.371123');
INSERT INTO django_migrations VALUES(12,'auth','0010_alter_group_name_max_length','2023-08-11 05:33:30.383016');
INSERT INTO django_migrations VALUES(13,'auth','0011_update_proxy_permissions','2023-08-11 05:33:30.394370');
INSERT INTO django_migrations VALUES(14,'auth','0012_alter_user_first_name_max_length','2023-08-11 05:33:30.402056');
INSERT INTO django_migrations VALUES(15,'app','0001_initial','2023-08-11 05:33:30.426753');
INSERT INTO django_migrations VALUES(16,'admin','0001_initial','2023-08-11 05:33:30.445400');
INSERT INTO django_migrations VALUES(17,'admin','0002_logentry_remove_auto_add','2023-08-11 05:33:30.462818');
INSERT INTO django_migrations VALUES(18,'admin','0003_logentry_add_action_flag_choices','2023-08-11 05:33:30.475287');
INSERT INTO django_migrations VALUES(19,'sessions','0001_initial','2023-08-11 05:33:30.482116');
INSERT INTO django_migrations VALUES(20,'app','0002_category_product','2023-08-11 06:33:03.274743');
INSERT INTO django_migrations VALUES(21,'app','0003_product_product_image','2023-08-11 06:40:01.568718');
INSERT INTO django_migrations VALUES(22,'app','0004_order_orderitem','2023-08-16 08:51:07.948181');
INSERT INTO django_migrations VALUES(23,'app','0005_cartitem','2023-09-01 08:50:10.303522');
INSERT INTO django_migrations VALUES(24,'app','0006_rename_timestamp_order_date_order_address_and_more','2023-09-06 05:46:22.832718');
INSERT INTO django_migrations VALUES(25,'app','0007_order_email_order_name','2023-09-06 07:17:14.000099');
INSERT INTO django_migrations VALUES(26,'app','0008_order_product','2023-09-13 10:15:41.042317');
INSERT INTO django_migrations VALUES(27,'app','0009_order_payment_method','2023-09-14 05:09:33.352138');
INSERT INTO django_migrations VALUES(28,'app','0010_order_payment_done','2023-09-15 06:36:38.608001');
INSERT INTO django_migrations VALUES(29,'account','0001_initial','2023-09-22 06:19:13.427667');
INSERT INTO django_migrations VALUES(30,'account','0002_email_max_length','2023-09-22 06:19:13.448132');
INSERT INTO django_migrations VALUES(31,'account','0003_alter_emailaddress_create_unique_verified_email','2023-09-22 06:19:13.474687');
INSERT INTO django_migrations VALUES(32,'account','0004_alter_emailaddress_drop_unique_email','2023-09-22 06:19:13.498291');
INSERT INTO django_migrations VALUES(33,'account','0005_emailaddress_idx_upper_email','2023-09-22 06:19:13.521109');
INSERT INTO django_migrations VALUES(34,'socialaccount','0001_initial','2023-09-22 06:19:13.580428');
INSERT INTO django_migrations VALUES(35,'socialaccount','0002_token_max_lengths','2023-09-22 06:19:13.621426');
INSERT INTO django_migrations VALUES(36,'socialaccount','0003_extra_data_default_dict','2023-09-22 06:19:13.639363');
INSERT INTO django_migrations VALUES(37,'socialaccount','0004_app_provider_id_settings','2023-09-22 06:19:13.671714');
INSERT INTO django_migrations VALUES(38,'socialaccount','0005_socialtoken_nullable_app','2023-09-22 06:19:13.698816');
INSERT INTO django_migrations VALUES(39,'default','0001_initial','2023-09-22 09:57:02.490426');
INSERT INTO django_migrations VALUES(40,'social_auth','0001_initial','2023-09-22 09:57:02.492741');
INSERT INTO django_migrations VALUES(41,'default','0002_add_related_name','2023-09-22 09:57:02.517732');
INSERT INTO django_migrations VALUES(42,'social_auth','0002_add_related_name','2023-09-22 09:57:02.518919');
INSERT INTO django_migrations VALUES(43,'default','0003_alter_email_max_length','2023-09-22 09:57:02.530466');
INSERT INTO django_migrations VALUES(44,'social_auth','0003_alter_email_max_length','2023-09-22 09:57:02.531234');
INSERT INTO django_migrations VALUES(45,'default','0004_auto_20160423_0400','2023-09-22 09:57:02.558129');
INSERT INTO django_migrations VALUES(46,'social_auth','0004_auto_20160423_0400','2023-09-22 09:57:02.559490');
INSERT INTO django_migrations VALUES(47,'social_auth','0005_auto_20160727_2333','2023-09-22 09:57:02.567031');
INSERT INTO django_migrations VALUES(48,'social_django','0006_partial','2023-09-22 09:57:02.573279');
INSERT INTO django_migrations VALUES(49,'social_django','0007_code_timestamp','2023-09-22 09:57:02.583841');
INSERT INTO django_migrations VALUES(50,'social_django','0008_partial_timestamp','2023-09-22 09:57:02.596762');
INSERT INTO django_migrations VALUES(51,'social_django','0009_auto_20191118_0520','2023-09-22 09:57:02.646928');
INSERT INTO django_migrations VALUES(52,'social_django','0010_uid_db_index','2023-09-22 09:57:02.676236');
INSERT INTO django_migrations VALUES(53,'social_django','0011_alter_id_fields','2023-09-22 09:57:02.734847');
INSERT INTO django_migrations VALUES(54,'social_django','0012_usersocialauth_extra_data_new','2023-09-22 09:57:02.783786');
INSERT INTO django_migrations VALUES(55,'social_django','0013_migrate_extra_data','2023-09-22 09:57:02.868373');
INSERT INTO django_migrations VALUES(56,'social_django','0014_remove_usersocialauth_extra_data','2023-09-22 09:57:02.911256');
INSERT INTO django_migrations VALUES(57,'social_django','0015_rename_extra_data_new_usersocialauth_extra_data','2023-09-22 09:57:02.937859');
INSERT INTO django_migrations VALUES(58,'social_django','0004_auto_20160423_0400','2023-09-22 09:57:02.942865');
INSERT INTO django_migrations VALUES(59,'social_django','0005_auto_20160727_2333','2023-09-22 09:57:02.945660');
INSERT INTO django_migrations VALUES(60,'social_django','0003_alter_email_max_length','2023-09-22 09:57:02.948326');
INSERT INTO django_migrations VALUES(61,'social_django','0002_add_related_name','2023-09-22 09:57:02.951215');
INSERT INTO django_migrations VALUES(62,'social_django','0001_initial','2023-09-22 09:57:02.953013');
CREATE TABLE IF NOT EXISTS "django_content_type" ("id" integer NOT NULL PRIMARY KEY AUTOINCREMENT, "app_label" varchar(100) NOT NULL, "model" varchar(100) NOT NULL);
INSERT INTO django_content_type VALUES(1,'admin','logentry');
INSERT INTO django_content_type VALUES(2,'auth','permission');
INSERT INTO django_content_type VALUES(3,'auth','group');
INSERT INTO django_content_type VALUES(4,'contenttypes','contenttype');
INSERT INTO django_content_type VALUES(5,'sessions','session');
INSERT INTO django_content_type VALUES(6,'app','customuser');
INSERT INTO django_content_type VALUES(7,'app','userprofile');
INSERT INTO django_content_type VALUES(8,'app','category');
INSERT INTO django_content_type VALUES(9,'app','product');
INSERT INTO django_content_type VALUES(10,'app','orderitem');
INSERT INTO django_content_type VALUES(11,'app','order');
INSERT INTO django_content_type VALUES(12,'app','cartitem');
INSERT INTO django_content_type VALUES(13,'account','emailaddress');
INSERT INTO django_content_type VALUES(14,'account','emailconfirmation');
INSERT INTO django_content_type VALUES(15,'socialaccount','socialaccount');
INSERT INTO django_content_type VALUES(16,'socialaccount','socialapp');
INSERT INTO django_content_type VALUES(17,'socialaccount','socialtoken');
INSERT INTO django_content_type VALUES(18,'social_django','association');
INSERT INTO django_content_type VALUES(19,'social_django','code');
INSERT INTO django_content_type VALUES(20,'social_django','nonce');
INSERT INTO django_content_type VALUES(21,'social_django','usersocialauth');
INSERT INTO django_content_type VALUES(22,'social_django','partial');
CREATE TABLE IF NOT EXISTS "auth_group_permissions" ("id" integer NOT NULL PRIMARY KEY AUTOINCREMENT, "group_id" integer NOT NULL REFERENCES "auth_group" ("id") DEFERRABLE INITIALLY DEFERRED, "permission_id" integer NOT NULL REFERENCES "auth_permission" ("id") DEFERRABLE INITIALLY DEFERRED);
CREATE TABLE IF NOT EXISTS "auth_permission" ("id" integer NOT NULL PRIMARY KEY AUTOINCREMENT, "content_type_id" integer NOT NULL REFERENCES "django_content_type" ("id") DEFERRABLE INITIALLY DEFERRED, "codename" varchar(100) NOT NULL, "name" varchar(255) NOT NULL);
INSERT INTO auth_permission VALUES(1,1,'add_logentry','Can add log entry');
INSERT INTO auth_permission VALUES(2,1,'change_logentry','Can change log entry');
INSERT INTO auth_permission VALUES(3,1,'delete_logentry','Can delete log entry');
INSERT INTO auth_permission VALUES(4,1,'view_logentry','Can view log entry');
INSERT INTO auth_permission VALUES(5,2,'add_permission','Can add permission');
INSERT INTO auth_permission VALUES(6,2,'change_permission','Can change permission');
INSERT INTO auth_permission VALUES(7,2,'delete_permission','Can delete permission');
INSERT INTO auth_permission VALUES(8,2,'view_permission','Can view permission');
INSERT INTO auth_permission VALUES(9,3,'add_group','Can add group');
INSERT INTO auth_permission VALUES(10,3,'change_group','Can change group');
INSERT INTO auth_permission VALUES(11,3,'delete_group','Can delete group');
INSERT INTO auth_permission VALUES(12,3,'view_group','Can view group');
INSERT INTO auth_permission VALUES(13,4,'add_contenttype','Can add content type');
INSERT INTO auth_permission VALUES(14,4,'change_contenttype','Can change content type');
INSERT INTO auth_permission VALUES(15,4,'delete_contenttype','Can delete content type');
INSERT INTO auth_permission VALUES(16,4,'view_contenttype','Can view content type');
INSERT INTO auth_permission VALUES(17,5,'add_session','Can add session');
INSERT INTO auth_permission VALUES(18,5,'change_session','Can change session');
INSERT INTO auth_permission VALUES(19,5,'delete_session','Can delete session');
INSERT INTO auth_permission VALUES(20,5,'view_session','Can view session');
INSERT INTO auth_permission VALUES(21,6,'add_customuser','Can add user');
INSERT INTO auth_permission VALUES(22,6,'change_customuser','Can change user');
INSERT INTO auth_permission VALUES(23,6,'delete_customuser','Can delete user');
INSERT INTO auth_permission VALUES(24,6,'view_customuser','Can view user');
INSERT INTO auth_permission VALUES(25,7,'add_userprofile','Can add user profile');
INSERT INTO auth_permission VALUES(26,7,'change_userprofile','Can change user profile');
INSERT INTO auth_permission VALUES(27,7,'delete_userprofile','Can delete user profile');
INSERT INTO auth_permission VALUES(28,7,'view_userprofile','Can view user profile');
INSERT INTO auth_permission VALUES(29,8,'add_category','Can add category');
INSERT INTO auth_permission VALUES(30,8,'change_category','Can change category');
INSERT INTO auth_permission VALUES(31,8,'delete_category','Can delete category');
INSERT INTO auth_permission VALUES(32,8,'view_category','Can view category');
INSERT INTO auth_permission VALUES(33,9,'add_product','Can add product');
INSERT INTO auth_permission VALUES(34,9,'change_product','Can change product');
INSERT INTO auth_permission VALUES(35,9,'delete_product','Can delete product');
INSERT INTO auth_permission VALUES(36,9,'view_product','Can view product');
INSERT INTO auth_permission VALUES(37,10,'add_orderitem','Can add order item');
INSERT INTO auth_permission VALUES(38,10,'change_orderitem','Can change order item');
INSERT INTO auth_permission VALUES(39,10,'delete_orderitem','Can delete order item');
INSERT INTO auth_permission VALUES(40,10,'view_orderitem','Can view order item');
INSERT INTO auth_permission VALUES(41,11,'add_order','Can add order');
INSERT INTO auth_permission VALUES(42,11,'change_order','Can change order');
INSERT INTO auth_permission VALUES(43,11,'delete_order','Can delete order');
INSERT INTO auth_permission VALUES(44,11,'view_order','Can view order');
INSERT INTO auth_permission VALUES(45,12,'add_cartitem','Can add cart item');
INSERT INTO auth_permission VALUES(46,12,'change_cartitem','Can change cart item');
INSERT INTO auth_permission VALUES(47,12,'delete_cartitem','Can delete cart item');
INSERT INTO auth_permission VALUES(48,12,'view_cartitem','Can view cart item');
INSERT INTO auth_permission VALUES(49,13,'add_emailaddress','Can add email address');
INSERT INTO auth_permission VALUES(50,13,'change_emailaddress','Can change email address');
INSERT INTO auth_permission VALUES(51,13,'delete_emailaddress','Can delete email address');
INSERT INTO auth_permission VALUES(52,13,'view_emailaddress','Can view email address');
INSERT INTO auth_permission VALUES(53,14,'add_emailconfirmation','Can add email confirmation');
INSERT INTO auth_permission VALUES(54,14,'change_emailconfirmation','Can change email confirmation');
INSERT INTO auth_permission VALUES(55,14,'delete_emailconfirmation','Can delete email confirmation');
INSERT INTO auth_permission VALUES(56,14,'view_emailconfirmation','Can view email confirmation');
INSERT INTO auth_permission VALUES(57,15,'add_socialaccount','Can add social account');
INSERT INTO auth_permission VALUES(58,15,'change_socialaccount','Can change social account');
INSERT INTO auth_permission VALUES(59,15,'delete_socialaccount','Can delete social account');
INSERT INTO auth_permission VALUES(60,15,'view_socialaccount','Can view social account');
INSERT INTO auth_permission VALUES(61,16,'add_socialapp','Can add social application');
INSERT INTO auth_permission VALUES(62,16,'change_socialapp','Can change social application');
INSERT INTO auth_permission VALUES(63,16,'delete_socialapp','Can delete social application');
INSERT INTO auth_permission VALUES(64,16,'view_socialapp','Can view social application');
INSERT INTO auth_permission VALUES(65,17,'add_socialtoken','Can add social application token');
INSERT INTO auth_permission VALUES(66,17,'change_socialtoken','Can change social application token');
INSERT INTO auth_permission VALUES(67,17,'delete_socialtoken','Can delete social application token');
INSERT INTO auth_permission VALUES(68,17,'view_socialtoken','Can view social application token');
INSERT INTO auth_permission VALUES(69,18,'add_association','Can add association');
INSERT INTO auth_permission VALUES(70,18,'change_association','Can change association');
INSERT INTO auth_permission VALUES(71,18,'delete_association','Can delete association');
INSERT INTO auth_permission VALUES(72,18,'view_association','Can view association');
INSERT INTO auth_permission VALUES(73,19,'add_code','Can add code');
INSERT INTO auth_permission VALUES(74,19,'change_code','Can change code');
INSERT INTO auth_permission VALUES(75,19,'delete_code','Can delete code');
INSERT INTO auth_permission VALUES(76,19,'view_code','Can view code');
INSERT INTO auth_permission VALUES(77,20,'add_nonce','Can add nonce');
INSERT INTO auth_permission VALUES(78,20,'change_nonce','Can change nonce');
INSERT INTO auth_permission VALUES(79,20,'delete_nonce','Can delete nonce');
INSERT INTO auth_permission VALUES(80,20,'view_nonce','Can view nonce');
INSERT INTO auth_permission VALUES(81,21,'add_usersocialauth','Can add user social auth');
INSERT INTO auth_permission VALUES(82,21,'change_usersocialauth','Can change user social auth');
INSERT INTO auth_permission VALUES(83,21,'delete_usersocialauth','Can delete user social auth');
INSERT INTO auth_permission VALUES(84,21,'view_usersocialauth','Can view user social auth');
INSERT INTO auth_permission VALUES(85,22,'add_partial','Can add partial');
INSERT INTO auth_permission VALUES(86,22,'change_partial','Can change partial');
INSERT INTO auth_permission VALUES(87,22,'delete_partial','Can delete partial');
INSERT INTO auth_permission VALUES(88,22,'view_partial','Can view partial');
CREATE TABLE IF NOT EXISTS "auth_group" ("id" integer NOT NULL PRIMARY KEY AUTOINCREMENT, "name" varchar(150) NOT NULL UNIQUE);
CREATE TABLE IF NOT EXISTS "app_customuser" ("id" integer NOT NULL PRIMARY KEY AUTOINCREMENT, "password" varchar(128) NOT NULL, "last_login" datetime NULL, "is_superuser" bool NOT NULL, "username" varchar(150) NOT NULL UNIQUE, "first_name" varchar(150) NOT NULL, "last_name" varchar(150) NOT NULL, "is_staff" bool NOT NULL, "is_active" bool NOT NULL, "date_joined" datetime NOT NULL, "name" varchar(100) NOT NULL, "email" varchar(254) NOT NULL UNIQUE);
INSERT INTO app_customuser VALUES(5,'pbkdf2_sha256$600000$K32Y6PoCUc4lPDMpQOCepC$zpoI3rgCFORu2Ut7Klf6hykLn6hjdcA/04DyffQfkqk=','2023-09-26 13:50:05.245806',1,'admin','','',1,1,'2023-08-17 12:18:21.574000','Super admin','admin@gmail.com');
INSERT INTO app_customuser VALUES(7,'pbkdf2_sha256$600000$9XiTr8p5EmxyKbdqha5Jnk$C7m51sqXczCgi4P6G4D3lpJFB9Y/sP3t6KEJtWZs7qE=','2023-09-11 05:22:56.514000',0,'test','','',0,1,'2023-08-17 12:50:36.636000','','test32@gmail.com');
INSERT INTO app_customuser VALUES(9,'pbkdf2_sha256$600000$T0OTXkTfldYlKRRw2U5sW0$6J99SSJqNS0kARjTTBMuehMe0NQObSb76YvjEL6wbHI=',NULL,0,'xyzabc','','',0,1,'2023-08-17 12:51:33.140000','','test1@gmail.com');
CREATE TABLE IF NOT EXISTS "app_customuser_groups" ("id" integer NOT NULL PRIMARY KEY AUTOINCREMENT, "customuser_id" bigint NOT NULL REFERENCES "app_customuser" ("id") DEFERRABLE INITIALLY DEFERRED, "group_id" integer NOT NULL REFERENCES "auth_group" ("id") DEFERRABLE INITIALLY DEFERRED);
CREATE TABLE IF NOT EXISTS "app_customuser_user_permissions" ("id" integer NOT NULL PRIMARY KEY AUTOINCREMENT, "customuser_id" bigint NOT NULL REFERENCES "app_customuser" ("id") DEFERRABLE INITIALLY DEFERRED, "permission_id" integer NOT NULL REFERENCES "auth_permission" ("id") DEFERRABLE INITIALLY DEFERRED);
CREATE TABLE IF NOT EXISTS "app_userprofile" ("id" integer NOT NULL PRIMARY KEY AUTOINCREMENT, "profile_pic" varchar(100) NOT NULL, "about" text NOT NULL, "job_title" varchar(200) NOT NULL, "country" varchar(100) NOT NULL, "address" varchar(200) NOT NULL, "mobile_number" varchar(20) NOT NULL, "user_id" bigint NOT NULL UNIQUE REFERENCES "app_customuser" ("id") DEFERRABLE INITIALLY DEFERRED);
INSERT INTO app_userprofile VALUES(5,'profile_pic/Web47_oFo56de.png','test test test test test.','Admin1232','USA1','Vapi','9898989898',5);
INSERT INTO app_userprofile VALUES(7,'profile_pic/map-marker.png','test test test testteast','Tester ','USA','Amreli','9898989898',7);
INSERT INTO app_userprofile VALUES(9,'profile_pic/car.jpeg','sdsndbsndsbandsbamndsbandbdnbassdbamndbm','Reporter','IND','Surat','232323223323',9);
CREATE TABLE IF NOT EXISTS "django_admin_log" ("id" integer NOT NULL PRIMARY KEY AUTOINCREMENT, "object_id" text NULL, "object_repr" varchar(200) NOT NULL, "action_flag" smallint unsigned NOT NULL CHECK ("action_flag" >= 0), "change_message" text NOT NULL, "content_type_id" integer NULL REFERENCES "django_content_type" ("id") DEFERRABLE INITIALLY DEFERRED, "user_id" bigint NOT NULL REFERENCES "app_customuser" ("id") DEFERRABLE INITIALLY DEFERRED, "action_time" datetime NOT NULL);
INSERT INTO django_admin_log VALUES(30,'5','admin',2,'[{"changed": {"fields": ["About", "Job title", "Country", "Address", "Mobile number"]}}]',7,5,'2023-08-17 12:52:55.657000');
INSERT INTO django_admin_log VALUES(31,'8','premal1610',2,'[{"changed": {"fields": ["About", "Job title", "Country", "Address", "Mobile number"]}}]',7,5,'2023-08-17 12:53:17.908000');
INSERT INTO django_admin_log VALUES(32,'8','premal1610',2,'[{"changed": {"fields": ["Profile pic"]}}]',7,5,'2023-08-17 12:53:45.756000');
INSERT INTO django_admin_log VALUES(33,'7','test',2,'[{"changed": {"fields": ["About", "Job title", "Country", "Address", "Mobile number"]}}]',7,5,'2023-08-17 12:54:24.031000');
INSERT INTO django_admin_log VALUES(34,'9','xyzabc',2,'[{"changed": {"fields": ["About", "Job title", "Country", "Address", "Mobile number"]}}]',7,5,'2023-08-17 12:55:32.234000');
INSERT INTO django_admin_log VALUES(35,'2','Order 2 - test',1,'[{"added": {}}]',11,5,'2023-08-18 10:51:14.258000');
INSERT INTO django_admin_log VALUES(36,'2','Item for Order 2 - Ultra HD Smart TV',1,'[{"added": {}}]',10,5,'2023-08-21 04:58:15.064000');
INSERT INTO django_admin_log VALUES(37,'5','Order 5 - test',3,'',11,5,'2023-09-06 07:22:50.537000');
INSERT INTO django_admin_log VALUES(38,'2','Order 2 - test',3,'',11,5,'2023-09-06 07:22:59.024000');
INSERT INTO django_admin_log VALUES(39,'4','Order 4 - test',3,'',11,5,'2023-09-06 07:23:08.997000');
INSERT INTO django_admin_log VALUES(40,'3','Order 3 - test',3,'',11,5,'2023-09-06 07:23:14.087000');
INSERT INTO django_admin_log VALUES(41,'24','Order 24 - test',3,'',11,5,'2023-09-08 09:14:49.587000');
INSERT INTO django_admin_log VALUES(42,'23','Order 23 - test',3,'',11,5,'2023-09-08 09:14:49.591000');
INSERT INTO django_admin_log VALUES(43,'22','Order 22 - test',3,'',11,5,'2023-09-08 09:14:49.592000');
INSERT INTO django_admin_log VALUES(44,'21','Order 21 - test',3,'',11,5,'2023-09-08 09:14:49.594000');
INSERT INTO django_admin_log VALUES(45,'20','Order 20 - test',3,'',11,5,'2023-09-08 09:14:49.596000');
INSERT INTO django_admin_log VALUES(46,'19','Order 19 - test',3,'',11,5,'2023-09-08 09:14:49.597000');
INSERT INTO django_admin_log VALUES(47,'18','Order 18 - test',3,'',11,5,'2023-09-08 09:14:49.600000');
INSERT INTO django_admin_log VALUES(48,'17','Order 17 - test',3,'',11,5,'2023-09-08 09:14:49.603000');
INSERT INTO django_admin_log VALUES(49,'16','Order 16 - test',3,'',11,5,'2023-09-08 09:14:49.605000');
INSERT INTO django_admin_log VALUES(50,'15','Order 15 - test',3,'',11,5,'2023-09-08 09:14:49.607000');
INSERT INTO django_admin_log VALUES(51,'14','Order 14 - test',3,'',11,5,'2023-09-08 09:14:49.608000');
INSERT INTO django_admin_log VALUES(52,'13','Order 13 - test',3,'',11,5,'2023-09-08 09:14:49.610000');
INSERT INTO django_admin_log VALUES(53,'12','Order 12 - test',3,'',11,5,'2023-09-08 09:14:49.611000');
INSERT INTO django_admin_log VALUES(54,'11','Order 11 - test',3,'',11,5,'2023-09-08 09:14:49.612000');
INSERT INTO django_admin_log VALUES(55,'10','Order 10 - test',3,'',11,5,'2023-09-08 09:14:49.613000');
INSERT INTO django_admin_log VALUES(56,'9','Order 9 - test',3,'',11,5,'2023-09-08 09:14:49.615000');
INSERT INTO django_admin_log VALUES(57,'8','Order 8 - test',3,'',11,5,'2023-09-08 09:14:49.617000');
INSERT INTO django_admin_log VALUES(58,'7','Order 7 - test',3,'',11,5,'2023-09-08 09:14:49.620000');
INSERT INTO django_admin_log VALUES(59,'6','Order 6 - test',3,'',11,5,'2023-09-08 09:14:49.622000');
INSERT INTO django_admin_log VALUES(60,'30','Order 30 - test',3,'',11,5,'2023-09-08 11:00:27.764000');
INSERT INTO django_admin_log VALUES(61,'29','Order 29 - test',3,'',11,5,'2023-09-08 11:00:27.768000');
INSERT INTO django_admin_log VALUES(62,'28','Order 28 - test',3,'',11,5,'2023-09-08 11:00:27.770000');
INSERT INTO django_admin_log VALUES(63,'27','Order 27 - test',3,'',11,5,'2023-09-08 11:00:27.773000');
INSERT INTO django_admin_log VALUES(64,'26','Order 26 - test',3,'',11,5,'2023-09-08 11:00:27.776000');
INSERT INTO django_admin_log VALUES(65,'25','Order 25 - test',3,'',11,5,'2023-09-08 11:00:27.778000');
INSERT INTO django_admin_log VALUES(66,'12','CartItem object (12)',3,'',12,5,'2023-09-08 11:01:30.386000');
INSERT INTO django_admin_log VALUES(67,'10','CartItem object (10)',3,'',12,5,'2023-09-08 11:01:30.389000');
INSERT INTO django_admin_log VALUES(68,'5','CartItem object (5)',3,'',12,5,'2023-09-08 11:01:30.391000');
INSERT INTO django_admin_log VALUES(69,'2','CartItem object (2)',3,'',12,5,'2023-09-08 11:01:30.392000');
INSERT INTO django_admin_log VALUES(70,'3','Item for Order 31 - Ultra HD Smart TV',1,'[{"added": {}}]',10,5,'2023-09-08 11:28:10.135000');
INSERT INTO django_admin_log VALUES(71,'77','Order 77 - premal_kamani',3,'',11,5,'2023-09-13 09:06:36.618000');
INSERT INTO django_admin_log VALUES(72,'76','Order 76 - premal_kamani',3,'',11,5,'2023-09-13 09:06:36.620000');
INSERT INTO django_admin_log VALUES(73,'75','Order 75 - premal_kamani',3,'',11,5,'2023-09-13 09:06:36.621000');
INSERT INTO django_admin_log VALUES(74,'74','Order 74 - premal_kamani',3,'',11,5,'2023-09-13 09:06:36.625000');
INSERT INTO django_admin_log VALUES(75,'73','Order 73 - premal_kamani',3,'',11,5,'2023-09-13 09:06:36.627000');
INSERT INTO django_admin_log VALUES(76,'72','Order 72 - premal_kamani',3,'',11,5,'2023-09-13 09:06:36.629000');
INSERT INTO django_admin_log VALUES(77,'71','Order 71 - premal_kamani',3,'',11,5,'2023-09-13 09:06:36.630000');
INSERT INTO django_admin_log VALUES(78,'70','Order 70 - premal_kamani',3,'',11,5,'2023-09-13 09:06:36.631000');
INSERT INTO django_admin_log VALUES(79,'69','Order 69 - premal_kamani',3,'',11,5,'2023-09-13 09:06:36.633000');
INSERT INTO django_admin_log VALUES(80,'68','Order 68 - premal_kamani',3,'',11,5,'2023-09-13 09:06:36.634000');
INSERT INTO django_admin_log VALUES(81,'67','Order 67 - premal_kamani',3,'',11,5,'2023-09-13 09:06:36.635000');
INSERT INTO django_admin_log VALUES(82,'66','Order 66 - premal_kamani',3,'',11,5,'2023-09-13 09:06:36.637000');
INSERT INTO django_admin_log VALUES(83,'65','Order 65 - premal_kamani',3,'',11,5,'2023-09-13 09:06:36.638000');
INSERT INTO django_admin_log VALUES(84,'64','Order 64 - premal_kamani',3,'',11,5,'2023-09-13 09:06:36.639000');
INSERT INTO django_admin_log VALUES(85,'63','Order 63 - premal_kamani',3,'',11,5,'2023-09-13 09:06:36.641000');
INSERT INTO django_admin_log VALUES(86,'62','Order 62 - premal_kamani',3,'',11,5,'2023-09-13 09:06:36.643000');
INSERT INTO django_admin_log VALUES(87,'61','Order 61 - premal_kamani',3,'',11,5,'2023-09-13 09:06:36.646000');
INSERT INTO django_admin_log VALUES(88,'60','Order 60 - premal_kamani',3,'',11,5,'2023-09-13 09:06:36.649000');
INSERT INTO django_admin_log VALUES(89,'59','Order 59 - premal_kamani',3,'',11,5,'2023-09-13 09:06:36.650000');
INSERT INTO django_admin_log VALUES(90,'58','Order 58 - premal_kamani',3,'',11,5,'2023-09-13 09:06:36.652000');
INSERT INTO django_admin_log VALUES(91,'57','Order 57 - premal_kamani',3,'',11,5,'2023-09-13 09:06:36.653000');
INSERT INTO django_admin_log VALUES(92,'56','Order 56 - premal_kamani',3,'',11,5,'2023-09-13 09:06:36.655000');
INSERT INTO django_admin_log VALUES(93,'55','Order 55 - premal_kamani',3,'',11,5,'2023-09-13 09:06:36.656000');
INSERT INTO django_admin_log VALUES(94,'54','Order 54 - premal_kamani',3,'',11,5,'2023-09-13 09:06:36.657000');
INSERT INTO django_admin_log VALUES(95,'53','Order 53 - premal_kamani',3,'',11,5,'2023-09-13 09:06:36.659000');
INSERT INTO django_admin_log VALUES(96,'52','Order 52 - premal_kamani',3,'',11,5,'2023-09-13 09:06:36.660000');
INSERT INTO django_admin_log VALUES(97,'51','Order 51 - premal_kamani',3,'',11,5,'2023-09-13 09:06:36.662000');
INSERT INTO django_admin_log VALUES(98,'50','Order 50 - premal_kamani',3,'',11,5,'2023-09-13 09:06:36.663000');
INSERT INTO django_admin_log VALUES(99,'49','Order 49 - premal_kamani',3,'',11,5,'2023-09-13 09:06:36.665000');
INSERT INTO django_admin_log VALUES(100,'48','Order 48 - premal_kamani',3,'',11,5,'2023-09-13 09:06:36.666000');
INSERT INTO django_admin_log VALUES(101,'47','Order 47 - premal_kamani',3,'',11,5,'2023-09-13 09:06:36.667000');
INSERT INTO django_admin_log VALUES(102,'46','Order 46 - test',3,'',11,5,'2023-09-13 09:06:36.669000');
INSERT INTO django_admin_log VALUES(103,'45','Order 45 - test',3,'',11,5,'2023-09-13 09:06:36.670000');
INSERT INTO django_admin_log VALUES(104,'44','Order 44 - test',3,'',11,5,'2023-09-13 09:06:36.671000');
INSERT INTO django_admin_log VALUES(105,'43','Order 43 - test',3,'',11,5,'2023-09-13 09:06:36.673000');
INSERT INTO django_admin_log VALUES(106,'42','Order 42 - test',3,'',11,5,'2023-09-13 09:06:36.674000');
INSERT INTO django_admin_log VALUES(107,'41','Order 41 - test',3,'',11,5,'2023-09-13 09:06:36.676000');
INSERT INTO django_admin_log VALUES(108,'40','Order 40 - test',3,'',11,5,'2023-09-13 09:06:36.679000');
INSERT INTO django_admin_log VALUES(109,'39','Order 39 - premal_kamani',3,'',11,5,'2023-09-13 09:06:36.682000');
INSERT INTO django_admin_log VALUES(110,'38','Order 38 - premal_kamani',3,'',11,5,'2023-09-13 09:06:36.683000');
INSERT INTO django_admin_log VALUES(111,'37','Order 37 - premal_kamani',3,'',11,5,'2023-09-13 09:06:36.685000');
INSERT INTO django_admin_log VALUES(112,'36','Order 36 - premal_kamani',3,'',11,5,'2023-09-13 09:06:36.686000');
INSERT INTO django_admin_log VALUES(113,'35','Order 35 - premal_kamani',3,'',11,5,'2023-09-13 09:06:36.688000');
INSERT INTO django_admin_log VALUES(114,'34','Order 34 - premal_kamani',3,'',11,5,'2023-09-13 09:06:36.689000');
INSERT INTO django_admin_log VALUES(115,'33','Order 33 - premal_kamani',3,'',11,5,'2023-09-13 09:06:36.691000');
INSERT INTO django_admin_log VALUES(116,'32','Order 32 - premal_kamani',3,'',11,5,'2023-09-13 09:06:36.692000');
INSERT INTO django_admin_log VALUES(117,'31','Order 31 - premal_kamani',3,'',11,5,'2023-09-13 09:06:36.693000');
INSERT INTO django_admin_log VALUES(118,'11','premal',3,'',6,5,'2023-09-22 10:09:56.884000');
INSERT INTO django_admin_log VALUES(119,'12','premal',3,'',6,5,'2023-09-22 10:18:46.726000');
INSERT INTO django_admin_log VALUES(120,'13','premal',2,'[{"changed": {"fields": ["Password", "Name"]}}]',6,5,'2023-09-22 11:36:36.747000');
INSERT INTO django_admin_log VALUES(121,'13','premal',2,'[]',6,5,'2023-09-22 11:36:44.582000');
INSERT INTO django_admin_log VALUES(122,'13','premal',3,'',6,5,'2023-09-22 11:37:33.091000');
CREATE TABLE IF NOT EXISTS "django_session" ("session_key" varchar(40) NOT NULL PRIMARY KEY, "session_data" text NOT NULL, "expire_date" datetime NOT NULL);
INSERT INTO django_session VALUES('zusfg58nrawowz7ccr6jm25hcmpdjdvf','.eJxVjMsOwiAQRf-FtSEDpTxcuu83kGEYpWogKe3K-O_apAvd3nPOfYmI21ri1nmJcxZnocTpd0tID647yHestyap1XWZk9wVedAup5b5eTncv4OCvXxrACLjR6RwTRZ0QqttGIj8oAJZQ-gxD2hABRgzMwEjsvXKGVLauSTeH-rGOBs:1qWBau:BJNfyofn6wL94GrJa9qihDCukoWIcY8CwANMhKDp4ic','2023-08-30 08:09:32.164000');
INSERT INTO django_session VALUES('ie4vhzuinap5r171idb2g43trq2s6sp7','.eJxVjMsOwiAQRf-FtSEDpTxcuu83kGEYpWogKe3K-O_apAvd3nPOfYmI21ri1nmJcxZnocTpd0tID647yHestyap1XWZk9wVedAup5b5eTncv4OCvXxrACLjR6RwTRZ0QqttGIj8oAJZQ-gxD2hABRgzMwEjsvXKGVLauSTeH-rGOBs:1qWFTd:MpuDRmE8-Y8LRMtaidEC_HLDJdQE-RqEsRhDSUCdbLQ','2023-08-30 12:18:17.633000');
INSERT INTO django_session VALUES('v1uqs37mrewgyrc4acz7rihu6dj4swzf','.eJxVjEsOwiAUAO_C2hBKeXxcuu8ZyOPzpGogKe3KeHdD0oVuZybzZh6Pvfij582viV0ZsMsvCxifuQ6RHljvjcdW920NfCT8tJ0vLeXX7Wz_BgV7GVubtJGTxSidlYTaCLSaFGUFKoDFZOZJuQCRpNKzCFIgOKcFGOkIiH2-ysw2_Q:1qWwNT:NK10jThJESRxzcP41rYpBwHjSlnVFgc66mPklGMWMxw','2023-09-01 10:06:47.309000');
INSERT INTO django_session VALUES('gb88vhlq3dsno1dsvmir36qopxit9ttp','.eJxVjEsOwiAUAO_C2hBKeXxcuu8ZyOPzpGogKe3KeHdD0oVuZybzZh6Pvfij582viV0ZsMsvCxifuQ6RHljvjcdW920NfCT8tJ0vLeXX7Wz_BgV7GVubtJGTxSidlYTaCLSaFGUFKoDFZOZJuQCRpNKzCFIgOKcFGOkIiH2-ysw2_Q:1qXws8:qCOHJ82-MX1C2x6CwULDxxE8nOwfcYuSVv2bMInpZt0','2023-09-04 04:50:36.940000');
INSERT INTO django_session VALUES('ml0hx7lmixfs0oh0w7am0le03yds1arf','.eJxVjEEOwiAQRe_C2hCEMoBL956hmRlAqgaS0q6MdzckXej2v_f-W8y4b2Xee1rnJYqLsOL0uxHyM9UB4gPrvUludVsXkkORB-3y1mJ6XQ_376BgL6NWXrMiDWgdJMiITk_gyRnlJx2RYyKlDFsbGIOBoCNkMkGfM3pDSny-4UA3yQ:1qY4vS:yky7TSF9QtCulofhrjKpOc1idwk7K4GMb22tweVa_Wc','2023-09-04 13:26:34.034000');
INSERT INTO django_session VALUES('tea3cicqnw8wnz6onzp1o2vgjl8rpyk3','.eJxVjEEOwiAQRe_C2hCEMoBL956hmRlAqgaS0q6MdzckXej2v_f-W8y4b2Xee1rnJYqLsOL0uxHyM9UB4gPrvUludVsXkkORB-3y1mJ6XQ_376BgL6NWXrMiDWgdJMiITk_gyRnlJx2RYyKlDFsbGIOBoCNkMkGfM3pDSny-4UA3yQ:1qYOXw:j_eusvGvVzs3-LCN41qBqVOXuAWnVo0Vrs0v9binDeA','2023-09-05 10:23:36.746000');
INSERT INTO django_session VALUES('o6mrr0uhzr0hxb3k9r9s5bexnag50svx','.eJxVjDkOwyAUBe9CHSEWg8Flep8B_c8SkwVLxqSJcvcEyUXSvpk3L-Kg7YtrNW4uBzIRRU6_G4K_xdJBuEK5rNSvZd8y0q7Qg1Y6ryHez4f7F1igLv3NjPAMhQY16qgTwCgGbXCUzAwigA8RGZNeKevBSm1F0AmlFTyBkci-0dIe7plr3iuZOH9_AIsBPSY:1qYfwO:PLu2ijFaILadIOM0IhR36KcJfBSh9P3XytFkh8GhC4Q','2023-09-06 04:58:00.344000');
INSERT INTO django_session VALUES('w89htnk3bmumjp1j5qt5azj8xbf0njjn','eyJudW1fdmlzaXRzIjozfQ:1qYfx4:qK6JiR0FipxTi2kfUWocq5FqChAwl6Hm7kmtbSFepIU','2023-09-06 04:58:42.302000');
INSERT INTO django_session VALUES('65xn114x56ua5a4vjoxq0dzmeo14cafc','.eJxVjEEOwiAQRe_C2hCEMoBL956hmRlAqgaS0q6MdzckXej2v_f-W8y4b2Xee1rnJYqLsOL0uxHyM9UB4gPrvUludVsXkkORB-3y1mJ6XQ_376BgL6NWXrMiDWgdJMiITk_gyRnlJx2RYyKlDFsbGIOBoCNkMkGfM3pDSny-4UA3yQ:1qZPaV:jtlduLNL1X1z-DsThcDyvThsOFddsmTD1nsSWp60ywk','2023-09-08 05:42:27.692000');
INSERT INTO django_session VALUES('jb6ig30x4hvbfe7ony1dwihdrfevpeu7','.eJxVjDsOwjAQBe_iGlm2iT9LSZ8zRLveNQ6gRIqTCnF3iJQC2jcz76UG3NY6bE2WYWR1UV6dfjfC_JBpB3zH6TbrPE_rMpLeFX3QpvuZ5Xk93L-Diq1-60zOpSScwKILbKIBLgIxQbYUgDpjhD12Z49kqEDJ3kgEhGJDQgrq_QHs0DhH:1qdptN:XaESXOa_9lSWcHszq59zCNEtUJVymzF2km5GZVfRHWQ','2023-09-20 10:36:13.971000');
INSERT INTO django_session VALUES('95kpakgxq1p85o0cwc1aswv1awxuefeg','.eJw1jc0KgkAURt_lrhWhQNJdJCRtVKpVhNyGcfydK3NnMBDfvXHR7uNwDt8KTKLDEYUgp23NFq2E9LWCll8LKUSOpQlbmmQEAcyGhGT2fCTVaU9Y0OwD8BOdbesZDU67AFsA17hSFydK16hzmzUlvANQRGqUIe324f8Hy6PIK30vT2jz_pk1cWJcoj8DH2-FWoYeth9tJzmy:1qjd62:Qo3To2chlfgTnn9iUhu6PWQH5y9PiERlnpFezw2jvWQ','2023-10-06 10:09:14.226000');
INSERT INTO django_session VALUES('7qw0nr50nshmrrv83fhymeoskvf9oggc','.eJxVjksOgzAMRO-SdRXhfEjCrr1IZBwjUFGQSlhVvXsDyqKVF5Zn7Dd-i4hHmeOx8ysuSQwCQNx-xRHpyfl0cF1PWSLRduQir51m7_JeJ85lISzLlh_t6g814z5Xjqfe9JpsZ12C5AjBGlbMYL1Da9RYG4OC5Al5Ig5TmJyu5YE46bFC2wsXu4VyiljEAH2w2nWuM1IFBQDq8wU_M0sM:1qjbMm:URU5zru9YbWRZ18rheTocgEUMfaLgcNxfM3pHHf-Xok','2023-10-06 08:18:24.293000');
INSERT INTO django_session VALUES('j7ve1f3rfu2mxfrx4p3w8i0wv8eyn8zz','.eJxVkD0LwjAQhv9LZi35amPdSgfrooOiY7icZ1ssBpsIgvjfbdXBTgfv8bzPcU9We193NPdwj420IUIktmTl5qZioQ_Ver-H3bEoY2OqvsryVRk3pXmwGbMjYe-BetueBkTIaegAL3QdN8FjC51F31PyS0Py9Sarz9gWo33KNxCaAUaZShBcGEli4Ryes9SgoNRpgZoLAJOpfKFJgjoZEopIIs8x5YpLME4PpT__p7qDEG3n6_b6d-DkB-z1BiYVW88:1qjdBO:dOvRDlD0GC-IZ3Cn4K7QQt1V7Bp8BTmw9-HEZinRTtI','2023-10-06 10:14:46.091000');
INSERT INTO django_session VALUES('2enwffm9r0d73zxak0g8jueee52hku27','.eJxVjL0OgjAURt-lsza1hVIcYcAYWRwMcSG37eVPQhNaYqLx3ZWExfU753xv0jrXjrh3sISO1z5AQHIkLzkUVT5fFTwzvBe3wfPsvITKlBeB4yknO1KvRb14nOve_pL4f9NgHjitwA4wtY4aN4W513RV6EY9LZ3FMdvcv4MOfLfWTHHDNJcQJxJlA5DwSCqdCKYibsFY1IwJE8epgVTIlFvZaJHyQwNKaEY-XwoiSwk:1qjeTM:V8PlqmTOhs8uYhUv3CC9U06se1eyu0kHmVpfnKb9gEk','2023-10-06 11:37:24.390000');
INSERT INTO django_session VALUES('q3bhi4k1avgre55c4y6p857n1exznm5x','.eJxVjEEOwiAQRe_C2hCEMoBL956hmRlAqgaS0q6MdzckXej2v_f-W8y4b2Xee1rnJYqLsOL0uxHyM9UB4gPrvUludVsXkkORB-3y1mJ6XQ_376BgL6NWXrMiDWgdJMiITk_gyRnlJx2RYyKlDFsbGIOBoCNkMkGfM3pDSny-4UA3yQ:1ql8Rx:VBuJO4YWdt2EsJjGYC82WOFMIZQ9OKGGCGiaUMM7hjw','2023-10-10 13:50:05.251660');
CREATE TABLE IF NOT EXISTS "app_category" ("id" integer NOT NULL PRIMARY KEY AUTOINCREMENT, "name" varchar(50) NOT NULL);
INSERT INTO app_category VALUES(1,'Electronics');
INSERT INTO app_category VALUES(3,'Furniture');
INSERT INTO app_category VALUES(4,'Groceries');
INSERT INTO app_category VALUES(5,'Toys and Games');
INSERT INTO app_category VALUES(6,'Jewelry');
CREATE TABLE IF NOT EXISTS "app_product" ("id" integer NOT NULL PRIMARY KEY AUTOINCREMENT, "label" varchar(50) NOT NULL, "description" text NOT NULL, "quantity" integer unsigned NOT NULL CHECK ("quantity" >= 0), "price" decimal NOT NULL, "category_id" bigint NOT NULL REFERENCES "app_category" ("id") DEFERRABLE INITIALLY DEFERRED, "product_image" varchar(100) NOT NULL);
INSERT INTO app_product VALUES(2,'Ultra HD Smart TV','this is TV',20,50000,1,'product_images/Ultra_HD_Smart_TV.jpeg');
INSERT INTO app_product VALUES(3,'Laptop PowerBook 15','this is laptop',30,75000,1,'product_images/Laptop_PowerBook_15.jpeg');
INSERT INTO app_product VALUES(4,'Modern L-Shaped Sofa','this is sofaaa',21,12000,3,'product_images/Modern_L-Shaped_Sofa.jpeg');
INSERT INTO app_product VALUES(5,'Folding Table1','this is table',10,8000,3,'product_images/Folding_Table.jpeg');
INSERT INTO app_product VALUES(7,'Leather Watch','Leather Watch Leather Watch Leather Watch',25,1200,6,'product_images/watch.jpeg');
INSERT INTO app_product VALUES(8,'Remote Control Car','Remote Control Car Remote Control Car Remote Control Car',15,600,5,'product_images/car_zqBkQIE.jpeg');
INSERT INTO app_product VALUES(14,'Head Phone','this is the Head phone..',10,500,1,'product_images/headphone.jpeg');
INSERT INTO app_product VALUES(15,'Banana','asdvdvasndvn',32,12,4,'product_images/product.png');
INSERT INTO app_product VALUES(17,'Coffee Mug','rthrhdf',15,23,4,'product_images/Coffee_Mug.jpeg');
INSERT INTO app_product VALUES(18,'Silver Necklace','bgdfdgb dsjkn ksdjn klsdng',30,1500,6,'product_images/Silver_Necklace.jpeg');
INSERT INTO app_product VALUES(20,'Football','(White) Hot Shots Size 5 Football',10,300,5,'product_images/toy-footballs.jpg');
INSERT INTO app_product VALUES(21,'Bracelet','Fashion Jewelry Hip Hop CZ Hinged Bracelet Ring Set.',30,45000,6,'product_images/shopping.webp');
CREATE TABLE IF NOT EXISTS "app_orderitem" ("id" integer NOT NULL PRIMARY KEY AUTOINCREMENT, "quantity" integer unsigned NOT NULL CHECK ("quantity" >= 0), "price" decimal NOT NULL, "order_id" bigint NOT NULL REFERENCES "app_order" ("id") DEFERRABLE INITIALLY DEFERRED, "product_id" bigint NOT NULL REFERENCES "app_product" ("id") DEFERRABLE INITIALLY DEFERRED);
INSERT INTO app_orderitem VALUES(69,1,50000,78,2);
INSERT INTO app_orderitem VALUES(70,2,1500,79,18);
INSERT INTO app_orderitem VALUES(71,1,50000,80,2);
INSERT INTO app_orderitem VALUES(72,2,600,80,8);
INSERT INTO app_orderitem VALUES(73,3,1200,80,7);
INSERT INTO app_orderitem VALUES(74,4,12,80,15);
INSERT INTO app_orderitem VALUES(75,1,8000,81,5);
INSERT INTO app_orderitem VALUES(76,4,23,81,17);
INSERT INTO app_orderitem VALUES(77,2,50000,81,2);
INSERT INTO app_orderitem VALUES(78,2,12,82,15);
INSERT INTO app_orderitem VALUES(79,1,1500,83,18);
INSERT INTO app_orderitem VALUES(80,1,1200,84,7);
INSERT INTO app_orderitem VALUES(81,1,8000,85,5);
INSERT INTO app_orderitem VALUES(133,1,12000,117,4);
INSERT INTO app_orderitem VALUES(134,1,8000,117,5);
INSERT INTO app_orderitem VALUES(135,1,12,117,15);
INSERT INTO app_orderitem VALUES(136,1,500,117,14);
INSERT INTO app_orderitem VALUES(137,1,600,117,8);
INSERT INTO app_orderitem VALUES(138,2,300,117,20);
INSERT INTO app_orderitem VALUES(139,1,75000,118,3);
INSERT INTO app_orderitem VALUES(140,1,75000,119,3);
INSERT INTO app_orderitem VALUES(141,1,600,120,8);
INSERT INTO app_orderitem VALUES(142,1,45000,120,21);
INSERT INTO app_orderitem VALUES(143,1,1500,121,18);
CREATE TABLE IF NOT EXISTS "app_cartitem" ("id" integer NOT NULL PRIMARY KEY AUTOINCREMENT, "quantity" integer unsigned NOT NULL CHECK ("quantity" >= 0), "product_id" bigint NOT NULL REFERENCES "app_product" ("id") DEFERRABLE INITIALLY DEFERRED, "user_id" bigint NOT NULL REFERENCES "app_customuser" ("id") DEFERRABLE INITIALLY DEFERRED);
INSERT INTO app_cartitem VALUES(58,1,3,7);
INSERT INTO app_cartitem VALUES(60,1,14,7);
CREATE TABLE IF NOT EXISTS "app_order_product" ("id" integer NOT NULL PRIMARY KEY AUTOINCREMENT, "order_id" bigint NOT NULL REFERENCES "app_order" ("id") DEFERRABLE INITIALLY DEFERRED, "product_id" bigint NOT NULL REFERENCES "app_product" ("id") DEFERRABLE INITIALLY DEFERRED);
INSERT INTO app_order_product VALUES(1,80,2);
INSERT INTO app_order_product VALUES(2,80,8);
INSERT INTO app_order_product VALUES(3,80,7);
INSERT INTO app_order_product VALUES(4,80,15);
INSERT INTO app_order_product VALUES(5,81,5);
INSERT INTO app_order_product VALUES(6,81,17);
INSERT INTO app_order_product VALUES(7,81,2);
INSERT INTO app_order_product VALUES(8,82,15);
INSERT INTO app_order_product VALUES(9,83,18);
INSERT INTO app_order_product VALUES(10,84,7);
INSERT INTO app_order_product VALUES(11,85,5);
INSERT INTO app_order_product VALUES(63,117,4);
INSERT INTO app_order_product VALUES(64,117,5);
INSERT INTO app_order_product VALUES(65,117,15);
INSERT INTO app_order_product VALUES(66,117,14);
INSERT INTO app_order_product VALUES(67,117,8);
INSERT INTO app_order_product VALUES(68,117,20);
INSERT INTO app_order_product VALUES(69,118,3);
INSERT INTO app_order_product VALUES(70,119,3);
INSERT INTO app_order_product VALUES(71,120,8);
INSERT INTO app_order_product VALUES(72,120,21);
INSERT INTO app_order_product VALUES(73,121,18);
CREATE TABLE IF NOT EXISTS "app_order" ("id" integer NOT NULL PRIMARY KEY AUTOINCREMENT, "status" varchar(20) NOT NULL, "total_amount" decimal NOT NULL, "user_id" bigint NOT NULL REFERENCES "app_customuser" ("id") DEFERRABLE INITIALLY DEFERRED, "date" datetime NOT NULL, "address" varchar(200) NOT NULL, "mobile_number" varchar(12) NOT NULL, "email" varchar(254) NOT NULL, "name" varchar(50) NOT NULL, "payment_method" varchar(20) NOT NULL, "payment_done" bool NOT NULL);
INSERT INTO app_order VALUES(78,'Delivered',50000,5,'2023-09-13 09:35:48.576000','Test Gujarat','7043026287','test@gmail.com','test','False',0);
INSERT INTO app_order VALUES(79,'Processing',3000,5,'2023-09-13 10:17:00.981000','Gujarat','9899898998','test@gmail.com','XYZ','False',0);
INSERT INTO app_order VALUES(80,'Delivered',54848,5,'2023-09-13 10:34:13.248000','Test Gujarat','7043026287','test@gmail.com','test','False',0);
INSERT INTO app_order VALUES(81,'processing',108092,5,'2023-09-14 05:00:41.820000','Vapi','9899898998','test@gmail.com','test','False',0);
INSERT INTO app_order VALUES(82,'processing',24,5,'2023-09-14 05:11:20.729000','Vapi','9899898998','a@gmail.com','Rama','False',0);
INSERT INTO app_order VALUES(83,'processing',1500,5,'2023-09-14 05:13:12.115000','Gujarat','9899898998','a@gmail.com','XYZ','False',0);
INSERT INTO app_order VALUES(84,'Delivered',1200,5,'2023-09-14 05:15:30.096000','Vapi','9899898998','test@gmail.com','Premal','False',0);
INSERT INTO app_order VALUES(85,'Processing',8000,5,'2023-09-14 05:18:13.719000','Gujarat','7043026287','test1@gmail.com','test','cod',0);
INSERT INTO app_order VALUES(117,'Processing',21712,5,'2023-09-18 12:47:16.078000','Ahmedabad ccc','7043026287','test1@gmail.com','Premal','cod',1);
INSERT INTO app_order VALUES(118,'Processing',75000,5,'2023-09-18 12:48:10.367000','Vapi','7043026287','a@gmail.com','Rama','cod',1);
INSERT INTO app_order VALUES(119,'Processing',75000,5,'2023-09-18 12:48:27.901000','Ahmedabad ccc','9899898998','test1@gmail.com','test','cod',1);
INSERT INTO app_order VALUES(120,'Processing',45600,5,'2023-09-18 12:48:50.236000','Gujarat','9899898988','a@gmail.com','Rama','cod',1);
INSERT INTO app_order VALUES(121,'Processing',1500,5,'2023-09-18 12:49:08.011000','Ahmedabad ccc','9899898998','a@gmail.com','Rama','cod',1);
CREATE TABLE IF NOT EXISTS "account_emailconfirmation" ("id" integer NOT NULL PRIMARY KEY AUTOINCREMENT, "created" datetime NOT NULL, "sent" datetime NULL, "key" varchar(64) NOT NULL UNIQUE, "email_address_id" integer NOT NULL REFERENCES "account_emailaddress" ("id") DEFERRABLE INITIALLY DEFERRED);
CREATE TABLE IF NOT EXISTS "account_emailaddress" ("id" integer NOT NULL PRIMARY KEY AUTOINCREMENT, "verified" bool NOT NULL, "primary" bool NOT NULL, "user_id" bigint NOT NULL REFERENCES "app_customuser" ("id") DEFERRABLE INITIALLY DEFERRED, "email" varchar(254) NOT NULL);
CREATE TABLE IF NOT EXISTS "socialaccount_socialapp" ("id" integer NOT NULL PRIMARY KEY AUTOINCREMENT, "provider" varchar(30) NOT NULL, "name" varchar(40) NOT NULL, "client_id" varchar(191) NOT NULL, "secret" varchar(191) NOT NULL, "key" varchar(191) NOT NULL, "provider_id" varchar(200) NOT NULL, "settings" text NOT NULL CHECK ((JSON_VALID("settings") OR "settings" IS NULL)));
CREATE TABLE IF NOT EXISTS "socialaccount_socialaccount" ("id" integer NOT NULL PRIMARY KEY AUTOINCREMENT, "uid" varchar(191) NOT NULL, "last_login" datetime NOT NULL, "date_joined" datetime NOT NULL, "extra_data" text NOT NULL, "user_id" bigint NOT NULL REFERENCES "app_customuser" ("id") DEFERRABLE INITIALLY DEFERRED, "provider" varchar(200) NOT NULL);
CREATE TABLE IF NOT EXISTS "socialaccount_socialtoken" ("id" integer NOT NULL PRIMARY KEY AUTOINCREMENT, "token" text NOT NULL, "token_secret" text NOT NULL, "expires_at" datetime NULL, "account_id" integer NOT NULL REFERENCES "socialaccount_socialaccount" ("id") DEFERRABLE INITIALLY DEFERRED, "app_id" integer NULL REFERENCES "socialaccount_socialapp" ("id") DEFERRABLE INITIALLY DEFERRED);
CREATE TABLE IF NOT EXISTS "social_auth_association" ("id" integer NOT NULL PRIMARY KEY AUTOINCREMENT, "server_url" varchar(255) NOT NULL, "handle" varchar(255) NOT NULL, "secret" varchar(255) NOT NULL, "issued" integer NOT NULL, "lifetime" integer NOT NULL, "assoc_type" varchar(64) NOT NULL);
CREATE TABLE IF NOT EXISTS "social_auth_code" ("id" integer NOT NULL PRIMARY KEY AUTOINCREMENT, "email" varchar(254) NOT NULL, "code" varchar(32) NOT NULL, "verified" bool NOT NULL, "timestamp" datetime NOT NULL);
CREATE TABLE IF NOT EXISTS "social_auth_nonce" ("id" integer NOT NULL PRIMARY KEY AUTOINCREMENT, "server_url" varchar(255) NOT NULL, "timestamp" integer NOT NULL, "salt" varchar(65) NOT NULL);
CREATE TABLE IF NOT EXISTS "social_auth_usersocialauth" ("id" integer NOT NULL PRIMARY KEY AUTOINCREMENT, "provider" varchar(32) NOT NULL, "uid" varchar(255) NOT NULL, "user_id" bigint NOT NULL REFERENCES "app_customuser" ("id") DEFERRABLE INITIALLY DEFERRED, "created" datetime NOT NULL, "modified" datetime NOT NULL, "extra_data" text NOT NULL CHECK ((JSON_VALID("extra_data") OR "extra_data" IS NULL)));
CREATE TABLE IF NOT EXISTS "social_auth_partial" ("id" integer NOT NULL PRIMARY KEY AUTOINCREMENT, "token" varchar(32) NOT NULL, "next_step" smallint unsigned NOT NULL CHECK ("next_step" >= 0), "backend" varchar(32) NOT NULL, "timestamp" datetime NOT NULL, "data" text NOT NULL CHECK ((JSON_VALID("data") OR "data" IS NULL)));
DELETE FROM sqlite_sequence;
INSERT INTO sqlite_sequence VALUES('django_migrations',62);
INSERT INTO sqlite_sequence VALUES('django_content_type',22);
INSERT INTO sqlite_sequence VALUES('auth_permission',88);
INSERT INTO sqlite_sequence VALUES('auth_group',0);
INSERT INTO sqlite_sequence VALUES('django_admin_log',122);
INSERT INTO sqlite_sequence VALUES('app_customuser',13);
INSERT INTO sqlite_sequence VALUES('app_userprofile',13);
INSERT INTO sqlite_sequence VALUES('app_product',21);
INSERT INTO sqlite_sequence VALUES('app_category',6);
INSERT INTO sqlite_sequence VALUES('app_orderitem',144);
INSERT INTO sqlite_sequence VALUES('app_cartitem',263);
INSERT INTO sqlite_sequence VALUES('app_order_product',74);
INSERT INTO sqlite_sequence VALUES('app_order',122);
INSERT INTO sqlite_sequence VALUES('account_emailaddress',1);
INSERT INTO sqlite_sequence VALUES('socialaccount_socialapp',0);
INSERT INTO sqlite_sequence VALUES('socialaccount_socialaccount',1);
INSERT INTO sqlite_sequence VALUES('socialaccount_socialtoken',0);
INSERT INTO sqlite_sequence VALUES('social_auth_association',0);
INSERT INTO sqlite_sequence VALUES('social_auth_code',0);
INSERT INTO sqlite_sequence VALUES('social_auth_nonce',0);
INSERT INTO sqlite_sequence VALUES('social_auth_usersocialauth',2);
INSERT INTO sqlite_sequence VALUES('social_auth_partial',0);
CREATE UNIQUE INDEX "django_content_type_app_label_model_76bd3d3b_uniq" ON "django_content_type" ("app_label", "model");
CREATE UNIQUE INDEX "auth_group_permissions_group_id_permission_id_0cd325b0_uniq" ON "auth_group_permissions" ("group_id", "permission_id");
CREATE INDEX "auth_group_permissions_group_id_b120cbf9" ON "auth_group_permissions" ("group_id");
CREATE INDEX "auth_group_permissions_permission_id_84c5c92e" ON "auth_group_permissions" ("permission_id");
CREATE UNIQUE INDEX "auth_permission_content_type_id_codename_01ab375a_uniq" ON "auth_permission" ("content_type_id", "codename");
CREATE INDEX "auth_permission_content_type_id_2f476e4b" ON "auth_permission" ("content_type_id");
CREATE UNIQUE INDEX "app_customuser_groups_customuser_id_group_id_a5a0ca22_uniq" ON "app_customuser_groups" ("customuser_id", "group_id");
CREATE INDEX "app_customuser_groups_customuser_id_164d073f" ON "app_customuser_groups" ("customuser_id");
CREATE INDEX "app_customuser_groups_group_id_47e49ebd" ON "app_customuser_groups" ("group_id");
CREATE UNIQUE INDEX "app_customuser_user_permissions_customuser_id_permission_id_22e31019_uniq" ON "app_customuser_user_permissions" ("customuser_id", "permission_id");
CREATE INDEX "app_customuser_user_permissions_customuser_id_4bcbaafb" ON "app_customuser_user_permissions" ("customuser_id");
CREATE INDEX "app_customuser_user_permissions_permission_id_c5920c75" ON "app_customuser_user_permissions" ("permission_id");
CREATE INDEX "django_admin_log_content_type_id_c4bce8eb" ON "django_admin_log" ("content_type_id");
CREATE INDEX "django_admin_log_user_id_c564eba6" ON "django_admin_log" ("user_id");
CREATE INDEX "django_session_expire_date_a5c62663" ON "django_session" ("expire_date");
CREATE INDEX "app_product_category_id_023742a5" ON "app_product" ("category_id");
CREATE INDEX "app_orderitem_order_id_41257a1b" ON "app_orderitem" ("order_id");
CREATE INDEX "app_orderitem_product_id_5f40ddb0" ON "app_orderitem" ("product_id");
CREATE INDEX "app_cartitem_product_id_f74e2343" ON "app_cartitem" ("product_id");
CREATE INDEX "app_cartitem_user_id_5085d435" ON "app_cartitem" ("user_id");
CREATE UNIQUE INDEX "app_order_product_order_id_product_id_f0f076b4_uniq" ON "app_order_product" ("order_id", "product_id");
CREATE INDEX "app_order_product_order_id_be0d8254" ON "app_order_product" ("order_id");
CREATE INDEX "app_order_product_product_id_bf91d871" ON "app_order_product" ("product_id");
CREATE INDEX "app_order_user_id_f25a9fc4" ON "app_order" ("user_id");
CREATE INDEX "account_emailconfirmation_email_address_id_5b7f8c58" ON "account_emailconfirmation" ("email_address_id");
CREATE UNIQUE INDEX "account_emailaddress_user_id_email_987c8728_uniq" ON "account_emailaddress" ("user_id", "email");
CREATE UNIQUE INDEX "unique_verified_email" ON "account_emailaddress" ("email") WHERE "verified";
CREATE INDEX "account_emailaddress_user_id_2c513194" ON "account_emailaddress" ("user_id");
CREATE INDEX "account_emailaddress_upper" ON "account_emailaddress" ((UPPER("email")));
CREATE UNIQUE INDEX "socialaccount_socialaccount_provider_uid_fc810c6e_uniq" ON "socialaccount_socialaccount" ("provider", "uid");
CREATE INDEX "socialaccount_socialaccount_user_id_8146e70c" ON "socialaccount_socialaccount" ("user_id");
CREATE UNIQUE INDEX "socialaccount_socialtoken_app_id_account_id_fca4e0ac_uniq" ON "socialaccount_socialtoken" ("app_id", "account_id");
CREATE INDEX "socialaccount_socialtoken_account_id_951f210e" ON "socialaccount_socialtoken" ("account_id");
CREATE INDEX "socialaccount_socialtoken_app_id_636a42d7" ON "socialaccount_socialtoken" ("app_id");
CREATE UNIQUE INDEX "social_auth_association_server_url_handle_078befa2_uniq" ON "social_auth_association" ("server_url", "handle");
CREATE UNIQUE INDEX "social_auth_code_email_code_801b2d02_uniq" ON "social_auth_code" ("email", "code");
CREATE INDEX "social_auth_code_code_a2393167" ON "social_auth_code" ("code");
CREATE INDEX "social_auth_code_timestamp_176b341f" ON "social_auth_code" ("timestamp");
CREATE UNIQUE INDEX "social_auth_nonce_server_url_timestamp_salt_f6284463_uniq" ON "social_auth_nonce" ("server_url", "timestamp", "salt");
CREATE UNIQUE INDEX "social_auth_usersocialauth_provider_uid_e6b5e668_uniq" ON "social_auth_usersocialauth" ("provider", "uid");
CREATE INDEX "social_auth_usersocialauth_uid_796e51dc" ON "social_auth_usersocialauth" ("uid");
CREATE INDEX "social_auth_usersocialauth_user_id_17d28448" ON "social_auth_usersocialauth" ("user_id");
CREATE INDEX "social_auth_partial_token_3017fea3" ON "social_auth_partial" ("token");
CREATE INDEX "social_auth_partial_timestamp_50f2119f" ON "social_auth_partial" ("timestamp");
COMMIT;
