--
-- PostgreSQL database dump
--

-- Dumped from database version 15.3
-- Dumped by pg_dump version 15.3 (Ubuntu 15.3-1.pgdg22.04+1)

SET statement_timeout = 0;
SET lock_timeout = 0;
SET idle_in_transaction_session_timeout = 0;
SET client_encoding = 'UTF8';
SET standard_conforming_strings = on;
SELECT pg_catalog.set_config('search_path', '', false);
SET check_function_bodies = false;
SET xmloption = content;
SET client_min_messages = warning;
SET row_security = off;

SET default_tablespace = '';

SET default_table_access_method = heap;

--
-- Name: account_emailaddress; Type: TABLE; Schema: public; Owner: testrds
--

CREATE TABLE public.account_emailaddress (
    id integer NOT NULL,
    email character varying(254) NOT NULL,
    verified boolean NOT NULL,
    "primary" boolean NOT NULL,
    user_id bigint NOT NULL
);


ALTER TABLE public.account_emailaddress OWNER TO testrds;

--
-- Name: account_emailaddress_id_seq; Type: SEQUENCE; Schema: public; Owner: testrds
--

ALTER TABLE public.account_emailaddress ALTER COLUMN id ADD GENERATED BY DEFAULT AS IDENTITY (
    SEQUENCE NAME public.account_emailaddress_id_seq
    START WITH 1
    INCREMENT BY 1
    NO MINVALUE
    NO MAXVALUE
    CACHE 1
);


--
-- Name: account_emailconfirmation; Type: TABLE; Schema: public; Owner: testrds
--

CREATE TABLE public.account_emailconfirmation (
    id integer NOT NULL,
    created timestamp with time zone NOT NULL,
    sent timestamp with time zone,
    key character varying(64) NOT NULL,
    email_address_id integer NOT NULL
);


ALTER TABLE public.account_emailconfirmation OWNER TO testrds;

--
-- Name: account_emailconfirmation_id_seq; Type: SEQUENCE; Schema: public; Owner: testrds
--

ALTER TABLE public.account_emailconfirmation ALTER COLUMN id ADD GENERATED BY DEFAULT AS IDENTITY (
    SEQUENCE NAME public.account_emailconfirmation_id_seq
    START WITH 1
    INCREMENT BY 1
    NO MINVALUE
    NO MAXVALUE
    CACHE 1
);


--
-- Name: app_cartitem; Type: TABLE; Schema: public; Owner: testrds
--

CREATE TABLE public.app_cartitem (
    id bigint NOT NULL,
    quantity integer NOT NULL,
    product_id bigint NOT NULL,
    user_id bigint NOT NULL,
    CONSTRAINT app_cartitem_quantity_check CHECK ((quantity >= 0))
);


ALTER TABLE public.app_cartitem OWNER TO testrds;

--
-- Name: app_cartitem_id_seq; Type: SEQUENCE; Schema: public; Owner: testrds
--

ALTER TABLE public.app_cartitem ALTER COLUMN id ADD GENERATED BY DEFAULT AS IDENTITY (
    SEQUENCE NAME public.app_cartitem_id_seq
    START WITH 1
    INCREMENT BY 1
    NO MINVALUE
    NO MAXVALUE
    CACHE 1
);


--
-- Name: app_category; Type: TABLE; Schema: public; Owner: testrds
--

CREATE TABLE public.app_category (
    id bigint NOT NULL,
    name character varying(50) NOT NULL
);


ALTER TABLE public.app_category OWNER TO testrds;

--
-- Name: app_category_id_seq; Type: SEQUENCE; Schema: public; Owner: testrds
--

ALTER TABLE public.app_category ALTER COLUMN id ADD GENERATED BY DEFAULT AS IDENTITY (
    SEQUENCE NAME public.app_category_id_seq
    START WITH 1
    INCREMENT BY 1
    NO MINVALUE
    NO MAXVALUE
    CACHE 1
);


--
-- Name: app_customuser; Type: TABLE; Schema: public; Owner: testrds
--

CREATE TABLE public.app_customuser (
    id bigint NOT NULL,
    password character varying(128) NOT NULL,
    last_login timestamp with time zone,
    is_superuser boolean NOT NULL,
    username character varying(150) NOT NULL,
    first_name character varying(150) NOT NULL,
    last_name character varying(150) NOT NULL,
    is_staff boolean NOT NULL,
    is_active boolean NOT NULL,
    date_joined timestamp with time zone NOT NULL,
    name character varying(100) NOT NULL,
    email character varying(254) NOT NULL
);


ALTER TABLE public.app_customuser OWNER TO testrds;

--
-- Name: app_customuser_groups; Type: TABLE; Schema: public; Owner: testrds
--

CREATE TABLE public.app_customuser_groups (
    id bigint NOT NULL,
    customuser_id bigint NOT NULL,
    group_id integer NOT NULL
);


ALTER TABLE public.app_customuser_groups OWNER TO testrds;

--
-- Name: app_customuser_groups_id_seq; Type: SEQUENCE; Schema: public; Owner: testrds
--

ALTER TABLE public.app_customuser_groups ALTER COLUMN id ADD GENERATED BY DEFAULT AS IDENTITY (
    SEQUENCE NAME public.app_customuser_groups_id_seq
    START WITH 1
    INCREMENT BY 1
    NO MINVALUE
    NO MAXVALUE
    CACHE 1
);


--
-- Name: app_customuser_id_seq; Type: SEQUENCE; Schema: public; Owner: testrds
--

ALTER TABLE public.app_customuser ALTER COLUMN id ADD GENERATED BY DEFAULT AS IDENTITY (
    SEQUENCE NAME public.app_customuser_id_seq
    START WITH 1
    INCREMENT BY 1
    NO MINVALUE
    NO MAXVALUE
    CACHE 1
);


--
-- Name: app_customuser_user_permissions; Type: TABLE; Schema: public; Owner: testrds
--

CREATE TABLE public.app_customuser_user_permissions (
    id bigint NOT NULL,
    customuser_id bigint NOT NULL,
    permission_id integer NOT NULL
);


ALTER TABLE public.app_customuser_user_permissions OWNER TO testrds;

--
-- Name: app_customuser_user_permissions_id_seq; Type: SEQUENCE; Schema: public; Owner: testrds
--

ALTER TABLE public.app_customuser_user_permissions ALTER COLUMN id ADD GENERATED BY DEFAULT AS IDENTITY (
    SEQUENCE NAME public.app_customuser_user_permissions_id_seq
    START WITH 1
    INCREMENT BY 1
    NO MINVALUE
    NO MAXVALUE
    CACHE 1
);


--
-- Name: app_order; Type: TABLE; Schema: public; Owner: testrds
--

CREATE TABLE public.app_order (
    id bigint NOT NULL,
    status character varying(20) NOT NULL,
    total_amount numeric(10,2) NOT NULL,
    date timestamp with time zone NOT NULL,
    user_id bigint NOT NULL,
    address character varying(200) NOT NULL,
    mobile_number character varying(12) NOT NULL,
    email character varying(254) NOT NULL,
    name character varying(50) NOT NULL,
    payment_method character varying(20) NOT NULL,
    payment_done boolean NOT NULL
);


ALTER TABLE public.app_order OWNER TO testrds;

--
-- Name: app_order_id_seq; Type: SEQUENCE; Schema: public; Owner: testrds
--

ALTER TABLE public.app_order ALTER COLUMN id ADD GENERATED BY DEFAULT AS IDENTITY (
    SEQUENCE NAME public.app_order_id_seq
    START WITH 1
    INCREMENT BY 1
    NO MINVALUE
    NO MAXVALUE
    CACHE 1
);


--
-- Name: app_order_product; Type: TABLE; Schema: public; Owner: testrds
--

CREATE TABLE public.app_order_product (
    id bigint NOT NULL,
    order_id bigint NOT NULL,
    product_id bigint NOT NULL
);


ALTER TABLE public.app_order_product OWNER TO testrds;

--
-- Name: app_order_product_id_seq; Type: SEQUENCE; Schema: public; Owner: testrds
--

ALTER TABLE public.app_order_product ALTER COLUMN id ADD GENERATED BY DEFAULT AS IDENTITY (
    SEQUENCE NAME public.app_order_product_id_seq
    START WITH 1
    INCREMENT BY 1
    NO MINVALUE
    NO MAXVALUE
    CACHE 1
);


--
-- Name: app_orderitem; Type: TABLE; Schema: public; Owner: testrds
--

CREATE TABLE public.app_orderitem (
    id bigint NOT NULL,
    quantity integer NOT NULL,
    price numeric(10,2) NOT NULL,
    order_id bigint NOT NULL,
    product_id bigint NOT NULL,
    CONSTRAINT app_orderitem_quantity_check CHECK ((quantity >= 0))
);


ALTER TABLE public.app_orderitem OWNER TO testrds;

--
-- Name: app_orderitem_id_seq; Type: SEQUENCE; Schema: public; Owner: testrds
--

ALTER TABLE public.app_orderitem ALTER COLUMN id ADD GENERATED BY DEFAULT AS IDENTITY (
    SEQUENCE NAME public.app_orderitem_id_seq
    START WITH 1
    INCREMENT BY 1
    NO MINVALUE
    NO MAXVALUE
    CACHE 1
);


--
-- Name: app_product; Type: TABLE; Schema: public; Owner: testrds
--

CREATE TABLE public.app_product (
    id bigint NOT NULL,
    label character varying(50) NOT NULL,
    description text NOT NULL,
    quantity integer NOT NULL,
    price numeric(10,2) NOT NULL,
    category_id bigint NOT NULL,
    product_image character varying(100) NOT NULL,
    CONSTRAINT app_product_quantity_check CHECK ((quantity >= 0))
);


ALTER TABLE public.app_product OWNER TO testrds;

--
-- Name: app_product_id_seq; Type: SEQUENCE; Schema: public; Owner: testrds
--

ALTER TABLE public.app_product ALTER COLUMN id ADD GENERATED BY DEFAULT AS IDENTITY (
    SEQUENCE NAME public.app_product_id_seq
    START WITH 1
    INCREMENT BY 1
    NO MINVALUE
    NO MAXVALUE
    CACHE 1
);


--
-- Name: app_userprofile; Type: TABLE; Schema: public; Owner: testrds
--

CREATE TABLE public.app_userprofile (
    id bigint NOT NULL,
    profile_pic character varying(100) NOT NULL,
    about text NOT NULL,
    job_title character varying(200) NOT NULL,
    country character varying(100) NOT NULL,
    address character varying(200) NOT NULL,
    mobile_number character varying(20) NOT NULL,
    user_id bigint NOT NULL
);


ALTER TABLE public.app_userprofile OWNER TO testrds;

--
-- Name: app_userprofile_id_seq; Type: SEQUENCE; Schema: public; Owner: testrds
--

ALTER TABLE public.app_userprofile ALTER COLUMN id ADD GENERATED BY DEFAULT AS IDENTITY (
    SEQUENCE NAME public.app_userprofile_id_seq
    START WITH 1
    INCREMENT BY 1
    NO MINVALUE
    NO MAXVALUE
    CACHE 1
);


--
-- Name: auth_group; Type: TABLE; Schema: public; Owner: testrds
--

CREATE TABLE public.auth_group (
    id integer NOT NULL,
    name character varying(150) NOT NULL
);


ALTER TABLE public.auth_group OWNER TO testrds;

--
-- Name: auth_group_id_seq; Type: SEQUENCE; Schema: public; Owner: testrds
--

ALTER TABLE public.auth_group ALTER COLUMN id ADD GENERATED BY DEFAULT AS IDENTITY (
    SEQUENCE NAME public.auth_group_id_seq
    START WITH 1
    INCREMENT BY 1
    NO MINVALUE
    NO MAXVALUE
    CACHE 1
);


--
-- Name: auth_group_permissions; Type: TABLE; Schema: public; Owner: testrds
--

CREATE TABLE public.auth_group_permissions (
    id bigint NOT NULL,
    group_id integer NOT NULL,
    permission_id integer NOT NULL
);


ALTER TABLE public.auth_group_permissions OWNER TO testrds;

--
-- Name: auth_group_permissions_id_seq; Type: SEQUENCE; Schema: public; Owner: testrds
--

ALTER TABLE public.auth_group_permissions ALTER COLUMN id ADD GENERATED BY DEFAULT AS IDENTITY (
    SEQUENCE NAME public.auth_group_permissions_id_seq
    START WITH 1
    INCREMENT BY 1
    NO MINVALUE
    NO MAXVALUE
    CACHE 1
);


--
-- Name: auth_permission; Type: TABLE; Schema: public; Owner: testrds
--

CREATE TABLE public.auth_permission (
    id integer NOT NULL,
    name character varying(255) NOT NULL,
    content_type_id integer NOT NULL,
    codename character varying(100) NOT NULL
);


ALTER TABLE public.auth_permission OWNER TO testrds;

--
-- Name: auth_permission_id_seq; Type: SEQUENCE; Schema: public; Owner: testrds
--

ALTER TABLE public.auth_permission ALTER COLUMN id ADD GENERATED BY DEFAULT AS IDENTITY (
    SEQUENCE NAME public.auth_permission_id_seq
    START WITH 1
    INCREMENT BY 1
    NO MINVALUE
    NO MAXVALUE
    CACHE 1
);


--
-- Name: django_admin_log; Type: TABLE; Schema: public; Owner: testrds
--

CREATE TABLE public.django_admin_log (
    id integer NOT NULL,
    action_time timestamp with time zone NOT NULL,
    object_id text,
    object_repr character varying(200) NOT NULL,
    action_flag smallint NOT NULL,
    change_message text NOT NULL,
    content_type_id integer,
    user_id bigint NOT NULL,
    CONSTRAINT django_admin_log_action_flag_check CHECK ((action_flag >= 0))
);


ALTER TABLE public.django_admin_log OWNER TO testrds;

--
-- Name: django_admin_log_id_seq; Type: SEQUENCE; Schema: public; Owner: testrds
--

ALTER TABLE public.django_admin_log ALTER COLUMN id ADD GENERATED BY DEFAULT AS IDENTITY (
    SEQUENCE NAME public.django_admin_log_id_seq
    START WITH 1
    INCREMENT BY 1
    NO MINVALUE
    NO MAXVALUE
    CACHE 1
);


--
-- Name: django_content_type; Type: TABLE; Schema: public; Owner: testrds
--

CREATE TABLE public.django_content_type (
    id integer NOT NULL,
    app_label character varying(100) NOT NULL,
    model character varying(100) NOT NULL
);


ALTER TABLE public.django_content_type OWNER TO testrds;

--
-- Name: django_content_type_id_seq; Type: SEQUENCE; Schema: public; Owner: testrds
--

ALTER TABLE public.django_content_type ALTER COLUMN id ADD GENERATED BY DEFAULT AS IDENTITY (
    SEQUENCE NAME public.django_content_type_id_seq
    START WITH 1
    INCREMENT BY 1
    NO MINVALUE
    NO MAXVALUE
    CACHE 1
);


--
-- Name: django_migrations; Type: TABLE; Schema: public; Owner: testrds
--

CREATE TABLE public.django_migrations (
    id bigint NOT NULL,
    app character varying(255) NOT NULL,
    name character varying(255) NOT NULL,
    applied timestamp with time zone NOT NULL
);


ALTER TABLE public.django_migrations OWNER TO testrds;

--
-- Name: django_migrations_id_seq; Type: SEQUENCE; Schema: public; Owner: testrds
--

ALTER TABLE public.django_migrations ALTER COLUMN id ADD GENERATED BY DEFAULT AS IDENTITY (
    SEQUENCE NAME public.django_migrations_id_seq
    START WITH 1
    INCREMENT BY 1
    NO MINVALUE
    NO MAXVALUE
    CACHE 1
);


--
-- Name: django_session; Type: TABLE; Schema: public; Owner: testrds
--

CREATE TABLE public.django_session (
    session_key character varying(40) NOT NULL,
    session_data text NOT NULL,
    expire_date timestamp with time zone NOT NULL
);


ALTER TABLE public.django_session OWNER TO testrds;

--
-- Name: social_auth_association; Type: TABLE; Schema: public; Owner: testrds
--

CREATE TABLE public.social_auth_association (
    id bigint NOT NULL,
    server_url character varying(255) NOT NULL,
    handle character varying(255) NOT NULL,
    secret character varying(255) NOT NULL,
    issued integer NOT NULL,
    lifetime integer NOT NULL,
    assoc_type character varying(64) NOT NULL
);


ALTER TABLE public.social_auth_association OWNER TO testrds;

--
-- Name: social_auth_association_id_seq; Type: SEQUENCE; Schema: public; Owner: testrds
--

ALTER TABLE public.social_auth_association ALTER COLUMN id ADD GENERATED BY DEFAULT AS IDENTITY (
    SEQUENCE NAME public.social_auth_association_id_seq
    START WITH 1
    INCREMENT BY 1
    NO MINVALUE
    NO MAXVALUE
    CACHE 1
);


--
-- Name: social_auth_code; Type: TABLE; Schema: public; Owner: testrds
--

CREATE TABLE public.social_auth_code (
    id bigint NOT NULL,
    email character varying(254) NOT NULL,
    code character varying(32) NOT NULL,
    verified boolean NOT NULL,
    "timestamp" timestamp with time zone NOT NULL
);


ALTER TABLE public.social_auth_code OWNER TO testrds;

--
-- Name: social_auth_code_id_seq; Type: SEQUENCE; Schema: public; Owner: testrds
--

ALTER TABLE public.social_auth_code ALTER COLUMN id ADD GENERATED BY DEFAULT AS IDENTITY (
    SEQUENCE NAME public.social_auth_code_id_seq
    START WITH 1
    INCREMENT BY 1
    NO MINVALUE
    NO MAXVALUE
    CACHE 1
);


--
-- Name: social_auth_nonce; Type: TABLE; Schema: public; Owner: testrds
--

CREATE TABLE public.social_auth_nonce (
    id bigint NOT NULL,
    server_url character varying(255) NOT NULL,
    "timestamp" integer NOT NULL,
    salt character varying(65) NOT NULL
);


ALTER TABLE public.social_auth_nonce OWNER TO testrds;

--
-- Name: social_auth_nonce_id_seq; Type: SEQUENCE; Schema: public; Owner: testrds
--

ALTER TABLE public.social_auth_nonce ALTER COLUMN id ADD GENERATED BY DEFAULT AS IDENTITY (
    SEQUENCE NAME public.social_auth_nonce_id_seq
    START WITH 1
    INCREMENT BY 1
    NO MINVALUE
    NO MAXVALUE
    CACHE 1
);


--
-- Name: social_auth_partial; Type: TABLE; Schema: public; Owner: testrds
--

CREATE TABLE public.social_auth_partial (
    id bigint NOT NULL,
    token character varying(32) NOT NULL,
    next_step smallint NOT NULL,
    backend character varying(32) NOT NULL,
    "timestamp" timestamp with time zone NOT NULL,
    data jsonb NOT NULL,
    CONSTRAINT social_auth_partial_next_step_check CHECK ((next_step >= 0))
);


ALTER TABLE public.social_auth_partial OWNER TO testrds;

--
-- Name: social_auth_partial_id_seq; Type: SEQUENCE; Schema: public; Owner: testrds
--

ALTER TABLE public.social_auth_partial ALTER COLUMN id ADD GENERATED BY DEFAULT AS IDENTITY (
    SEQUENCE NAME public.social_auth_partial_id_seq
    START WITH 1
    INCREMENT BY 1
    NO MINVALUE
    NO MAXVALUE
    CACHE 1
);


--
-- Name: social_auth_usersocialauth; Type: TABLE; Schema: public; Owner: testrds
--

CREATE TABLE public.social_auth_usersocialauth (
    id bigint NOT NULL,
    provider character varying(32) NOT NULL,
    uid character varying(255) NOT NULL,
    user_id bigint NOT NULL,
    created timestamp with time zone NOT NULL,
    modified timestamp with time zone NOT NULL,
    extra_data jsonb NOT NULL
);


ALTER TABLE public.social_auth_usersocialauth OWNER TO testrds;

--
-- Name: social_auth_usersocialauth_id_seq; Type: SEQUENCE; Schema: public; Owner: testrds
--

ALTER TABLE public.social_auth_usersocialauth ALTER COLUMN id ADD GENERATED BY DEFAULT AS IDENTITY (
    SEQUENCE NAME public.social_auth_usersocialauth_id_seq
    START WITH 1
    INCREMENT BY 1
    NO MINVALUE
    NO MAXVALUE
    CACHE 1
);


--
-- Name: socialaccount_socialaccount; Type: TABLE; Schema: public; Owner: testrds
--

CREATE TABLE public.socialaccount_socialaccount (
    id integer NOT NULL,
    provider character varying(200) NOT NULL,
    uid character varying(191) NOT NULL,
    last_login timestamp with time zone NOT NULL,
    date_joined timestamp with time zone NOT NULL,
    extra_data text NOT NULL,
    user_id bigint NOT NULL
);


ALTER TABLE public.socialaccount_socialaccount OWNER TO testrds;

--
-- Name: socialaccount_socialaccount_id_seq; Type: SEQUENCE; Schema: public; Owner: testrds
--

ALTER TABLE public.socialaccount_socialaccount ALTER COLUMN id ADD GENERATED BY DEFAULT AS IDENTITY (
    SEQUENCE NAME public.socialaccount_socialaccount_id_seq
    START WITH 1
    INCREMENT BY 1
    NO MINVALUE
    NO MAXVALUE
    CACHE 1
);


--
-- Name: socialaccount_socialapp; Type: TABLE; Schema: public; Owner: testrds
--

CREATE TABLE public.socialaccount_socialapp (
    id integer NOT NULL,
    provider character varying(30) NOT NULL,
    name character varying(40) NOT NULL,
    client_id character varying(191) NOT NULL,
    secret character varying(191) NOT NULL,
    key character varying(191) NOT NULL,
    provider_id character varying(200) NOT NULL,
    settings jsonb NOT NULL
);


ALTER TABLE public.socialaccount_socialapp OWNER TO testrds;

--
-- Name: socialaccount_socialapp_id_seq; Type: SEQUENCE; Schema: public; Owner: testrds
--

ALTER TABLE public.socialaccount_socialapp ALTER COLUMN id ADD GENERATED BY DEFAULT AS IDENTITY (
    SEQUENCE NAME public.socialaccount_socialapp_id_seq
    START WITH 1
    INCREMENT BY 1
    NO MINVALUE
    NO MAXVALUE
    CACHE 1
);


--
-- Name: socialaccount_socialtoken; Type: TABLE; Schema: public; Owner: testrds
--

CREATE TABLE public.socialaccount_socialtoken (
    id integer NOT NULL,
    token text NOT NULL,
    token_secret text NOT NULL,
    expires_at timestamp with time zone,
    account_id integer NOT NULL,
    app_id integer
);


ALTER TABLE public.socialaccount_socialtoken OWNER TO testrds;

--
-- Name: socialaccount_socialtoken_id_seq; Type: SEQUENCE; Schema: public; Owner: testrds
--

ALTER TABLE public.socialaccount_socialtoken ALTER COLUMN id ADD GENERATED BY DEFAULT AS IDENTITY (
    SEQUENCE NAME public.socialaccount_socialtoken_id_seq
    START WITH 1
    INCREMENT BY 1
    NO MINVALUE
    NO MAXVALUE
    CACHE 1
);


--
-- Data for Name: account_emailaddress; Type: TABLE DATA; Schema: public; Owner: testrds
--

COPY public.account_emailaddress (id, email, verified, "primary", user_id) FROM stdin;
\.


--
-- Data for Name: account_emailconfirmation; Type: TABLE DATA; Schema: public; Owner: testrds
--

COPY public.account_emailconfirmation (id, created, sent, key, email_address_id) FROM stdin;
\.


--
-- Data for Name: app_cartitem; Type: TABLE DATA; Schema: public; Owner: testrds
--

COPY public.app_cartitem (id, quantity, product_id, user_id) FROM stdin;
\.


--
-- Data for Name: app_category; Type: TABLE DATA; Schema: public; Owner: testrds
--

COPY public.app_category (id, name) FROM stdin;
\.


--
-- Data for Name: app_customuser; Type: TABLE DATA; Schema: public; Owner: testrds
--

COPY public.app_customuser (id, password, last_login, is_superuser, username, first_name, last_name, is_staff, is_active, date_joined, name, email) FROM stdin;
\.


--
-- Data for Name: app_customuser_groups; Type: TABLE DATA; Schema: public; Owner: testrds
--

COPY public.app_customuser_groups (id, customuser_id, group_id) FROM stdin;
\.


--
-- Data for Name: app_customuser_user_permissions; Type: TABLE DATA; Schema: public; Owner: testrds
--

COPY public.app_customuser_user_permissions (id, customuser_id, permission_id) FROM stdin;
\.


--
-- Data for Name: app_order; Type: TABLE DATA; Schema: public; Owner: testrds
--

COPY public.app_order (id, status, total_amount, date, user_id, address, mobile_number, email, name, payment_method, payment_done) FROM stdin;
\.


--
-- Data for Name: app_order_product; Type: TABLE DATA; Schema: public; Owner: testrds
--

COPY public.app_order_product (id, order_id, product_id) FROM stdin;
\.


--
-- Data for Name: app_orderitem; Type: TABLE DATA; Schema: public; Owner: testrds
--

COPY public.app_orderitem (id, quantity, price, order_id, product_id) FROM stdin;
\.


--
-- Data for Name: app_product; Type: TABLE DATA; Schema: public; Owner: testrds
--

COPY public.app_product (id, label, description, quantity, price, category_id, product_image) FROM stdin;
\.


--
-- Data for Name: app_userprofile; Type: TABLE DATA; Schema: public; Owner: testrds
--

COPY public.app_userprofile (id, profile_pic, about, job_title, country, address, mobile_number, user_id) FROM stdin;
\.


--
-- Data for Name: auth_group; Type: TABLE DATA; Schema: public; Owner: testrds
--

COPY public.auth_group (id, name) FROM stdin;
\.


--
-- Data for Name: auth_group_permissions; Type: TABLE DATA; Schema: public; Owner: testrds
--

COPY public.auth_group_permissions (id, group_id, permission_id) FROM stdin;
\.


--
-- Data for Name: auth_permission; Type: TABLE DATA; Schema: public; Owner: testrds
--

COPY public.auth_permission (id, name, content_type_id, codename) FROM stdin;
1	Can add log entry	1	add_logentry
2	Can change log entry	1	change_logentry
3	Can delete log entry	1	delete_logentry
4	Can view log entry	1	view_logentry
5	Can add permission	2	add_permission
6	Can change permission	2	change_permission
7	Can delete permission	2	delete_permission
8	Can view permission	2	view_permission
9	Can add group	3	add_group
10	Can change group	3	change_group
11	Can delete group	3	delete_group
12	Can view group	3	view_group
13	Can add content type	4	add_contenttype
14	Can change content type	4	change_contenttype
15	Can delete content type	4	delete_contenttype
16	Can view content type	4	view_contenttype
17	Can add session	5	add_session
18	Can change session	5	change_session
19	Can delete session	5	delete_session
20	Can view session	5	view_session
21	Can add user profile	6	add_userprofile
22	Can change user profile	6	change_userprofile
23	Can delete user profile	6	delete_userprofile
24	Can view user profile	6	view_userprofile
25	Can add user	7	add_customuser
26	Can change user	7	change_customuser
27	Can delete user	7	delete_customuser
28	Can view user	7	view_customuser
29	Can add category	8	add_category
30	Can change category	8	change_category
31	Can delete category	8	delete_category
32	Can view category	8	view_category
33	Can add product	9	add_product
34	Can change product	9	change_product
35	Can delete product	9	delete_product
36	Can view product	9	view_product
37	Can add order	10	add_order
38	Can change order	10	change_order
39	Can delete order	10	delete_order
40	Can view order	10	view_order
41	Can add order item	11	add_orderitem
42	Can change order item	11	change_orderitem
43	Can delete order item	11	delete_orderitem
44	Can view order item	11	view_orderitem
45	Can add cart item	12	add_cartitem
46	Can change cart item	12	change_cartitem
47	Can delete cart item	12	delete_cartitem
48	Can view cart item	12	view_cartitem
49	Can add email address	13	add_emailaddress
50	Can change email address	13	change_emailaddress
51	Can delete email address	13	delete_emailaddress
52	Can view email address	13	view_emailaddress
53	Can add email confirmation	14	add_emailconfirmation
54	Can change email confirmation	14	change_emailconfirmation
55	Can delete email confirmation	14	delete_emailconfirmation
56	Can view email confirmation	14	view_emailconfirmation
57	Can add social application	15	add_socialapp
58	Can change social application	15	change_socialapp
59	Can delete social application	15	delete_socialapp
60	Can view social application	15	view_socialapp
61	Can add social account	16	add_socialaccount
62	Can change social account	16	change_socialaccount
63	Can delete social account	16	delete_socialaccount
64	Can view social account	16	view_socialaccount
65	Can add social application token	17	add_socialtoken
66	Can change social application token	17	change_socialtoken
67	Can delete social application token	17	delete_socialtoken
68	Can view social application token	17	view_socialtoken
69	Can add user social auth	18	add_usersocialauth
70	Can change user social auth	18	change_usersocialauth
71	Can delete user social auth	18	delete_usersocialauth
72	Can view user social auth	18	view_usersocialauth
73	Can add nonce	19	add_nonce
74	Can change nonce	19	change_nonce
75	Can delete nonce	19	delete_nonce
76	Can view nonce	19	view_nonce
77	Can add association	20	add_association
78	Can change association	20	change_association
79	Can delete association	20	delete_association
80	Can view association	20	view_association
81	Can add code	21	add_code
82	Can change code	21	change_code
83	Can delete code	21	delete_code
84	Can view code	21	view_code
85	Can add partial	22	add_partial
86	Can change partial	22	change_partial
87	Can delete partial	22	delete_partial
88	Can view partial	22	view_partial
\.


--
-- Data for Name: django_admin_log; Type: TABLE DATA; Schema: public; Owner: testrds
--

COPY public.django_admin_log (id, action_time, object_id, object_repr, action_flag, change_message, content_type_id, user_id) FROM stdin;
\.


--
-- Data for Name: django_content_type; Type: TABLE DATA; Schema: public; Owner: testrds
--

COPY public.django_content_type (id, app_label, model) FROM stdin;
1	admin	logentry
2	auth	permission
3	auth	group
4	contenttypes	contenttype
5	sessions	session
6	app	userprofile
7	app	customuser
8	app	category
9	app	product
10	app	order
11	app	orderitem
12	app	cartitem
13	account	emailaddress
14	account	emailconfirmation
15	socialaccount	socialapp
16	socialaccount	socialaccount
17	socialaccount	socialtoken
18	social_django	usersocialauth
19	social_django	nonce
20	social_django	association
21	social_django	code
22	social_django	partial
\.


--
-- Data for Name: django_migrations; Type: TABLE DATA; Schema: public; Owner: testrds
--

COPY public.django_migrations (id, app, name, applied) FROM stdin;
1	contenttypes	0001_initial	2023-09-26 13:08:24.063871+00
2	contenttypes	0002_remove_content_type_name	2023-09-26 13:08:25.345805+00
3	auth	0001_initial	2023-09-26 13:08:29.002777+00
4	auth	0002_alter_permission_name_max_length	2023-09-26 13:08:29.858311+00
5	auth	0003_alter_user_email_max_length	2023-09-26 13:08:30.716057+00
6	auth	0004_alter_user_username_opts	2023-09-26 13:08:31.57454+00
7	auth	0005_alter_user_last_login_null	2023-09-26 13:08:32.422431+00
8	auth	0006_require_contenttypes_0002	2023-09-26 13:08:33.266622+00
9	auth	0007_alter_validators_add_error_messages	2023-09-26 13:08:34.129599+00
10	auth	0008_alter_user_username_max_length	2023-09-26 13:08:34.987182+00
11	auth	0009_alter_user_last_name_max_length	2023-09-26 13:08:35.846279+00
12	auth	0010_alter_group_name_max_length	2023-09-26 13:08:36.915074+00
13	auth	0011_update_proxy_permissions	2023-09-26 13:08:37.773389+00
14	auth	0012_alter_user_first_name_max_length	2023-09-26 13:08:38.639841+00
15	app	0001_initial	2023-09-26 13:08:43.381141+00
16	account	0001_initial	2023-09-26 13:08:45.991467+00
17	account	0002_email_max_length	2023-09-26 13:08:46.863138+00
18	account	0003_alter_emailaddress_create_unique_verified_email	2023-09-26 13:08:48.173551+00
19	account	0004_alter_emailaddress_drop_unique_email	2023-09-26 13:08:49.901779+00
20	account	0005_emailaddress_idx_upper_email	2023-09-26 13:08:50.987213+00
21	admin	0001_initial	2023-09-26 13:08:53.154365+00
22	admin	0002_logentry_remove_auto_add	2023-09-26 13:08:53.813664+00
23	admin	0003_logentry_add_action_flag_choices	2023-09-26 13:08:54.684926+00
24	app	0002_category_product	2023-09-26 13:08:56.611433+00
25	app	0003_product_product_image	2023-09-26 13:08:57.679648+00
26	app	0004_order_orderitem	2023-09-26 13:09:00.507093+00
27	app	0005_cartitem	2023-09-26 13:09:02.459427+00
28	app	0006_rename_timestamp_order_date_order_address_and_more	2023-09-26 13:09:04.248546+00
29	app	0007_order_email_order_name	2023-09-26 13:09:06.438029+00
30	app	0008_order_product	2023-09-26 13:09:08.817049+00
31	app	0009_order_payment_method	2023-09-26 13:09:09.909011+00
32	app	0010_order_payment_done	2023-09-26 13:09:11.225727+00
33	sessions	0001_initial	2023-09-26 13:09:12.926921+00
34	default	0001_initial	2023-09-26 13:09:16.226527+00
35	social_auth	0001_initial	2023-09-26 13:09:16.650178+00
36	default	0002_add_related_name	2023-09-26 13:09:17.315175+00
37	social_auth	0002_add_related_name	2023-09-26 13:09:17.73928+00
38	default	0003_alter_email_max_length	2023-09-26 13:09:18.80504+00
39	social_auth	0003_alter_email_max_length	2023-09-26 13:09:19.229076+00
40	default	0004_auto_20160423_0400	2023-09-26 13:09:20.175644+00
41	social_auth	0004_auto_20160423_0400	2023-09-26 13:09:20.597707+00
42	social_auth	0005_auto_20160727_2333	2023-09-26 13:09:21.65595+00
43	social_django	0006_partial	2023-09-26 13:09:23.3548+00
44	social_django	0007_code_timestamp	2023-09-26 13:09:24.838366+00
45	social_django	0008_partial_timestamp	2023-09-26 13:09:26.323248+00
46	social_django	0009_auto_20191118_0520	2023-09-26 13:09:27.849683+00
47	social_django	0010_uid_db_index	2023-09-26 13:09:29.158673+00
48	social_django	0011_alter_id_fields	2023-09-26 13:09:33.307996+00
49	social_django	0012_usersocialauth_extra_data_new	2023-09-26 13:09:35.044182+00
50	social_django	0013_migrate_extra_data	2023-09-26 13:09:36.330352+00
51	social_django	0014_remove_usersocialauth_extra_data	2023-09-26 13:09:37.630809+00
52	social_django	0015_rename_extra_data_new_usersocialauth_extra_data	2023-09-26 13:09:38.939173+00
53	socialaccount	0001_initial	2023-09-26 13:09:42.500292+00
54	socialaccount	0002_token_max_lengths	2023-09-26 13:09:43.800939+00
55	socialaccount	0003_extra_data_default_dict	2023-09-26 13:09:44.700071+00
56	socialaccount	0004_app_provider_id_settings	2023-09-26 13:09:46.650979+00
57	socialaccount	0005_socialtoken_nullable_app	2023-09-26 13:09:48.573645+00
58	social_django	0004_auto_20160423_0400	2023-09-26 13:09:49.634446+00
59	social_django	0005_auto_20160727_2333	2023-09-26 13:09:50.058617+00
60	social_django	0003_alter_email_max_length	2023-09-26 13:09:50.490914+00
61	social_django	0002_add_related_name	2023-09-26 13:09:50.91484+00
62	social_django	0001_initial	2023-09-26 13:09:51.33916+00
\.


--
-- Data for Name: django_session; Type: TABLE DATA; Schema: public; Owner: testrds
--

COPY public.django_session (session_key, session_data, expire_date) FROM stdin;
\.


--
-- Data for Name: social_auth_association; Type: TABLE DATA; Schema: public; Owner: testrds
--

COPY public.social_auth_association (id, server_url, handle, secret, issued, lifetime, assoc_type) FROM stdin;
\.


--
-- Data for Name: social_auth_code; Type: TABLE DATA; Schema: public; Owner: testrds
--

COPY public.social_auth_code (id, email, code, verified, "timestamp") FROM stdin;
\.


--
-- Data for Name: social_auth_nonce; Type: TABLE DATA; Schema: public; Owner: testrds
--

COPY public.social_auth_nonce (id, server_url, "timestamp", salt) FROM stdin;
\.


--
-- Data for Name: social_auth_partial; Type: TABLE DATA; Schema: public; Owner: testrds
--

COPY public.social_auth_partial (id, token, next_step, backend, "timestamp", data) FROM stdin;
\.


--
-- Data for Name: social_auth_usersocialauth; Type: TABLE DATA; Schema: public; Owner: testrds
--

COPY public.social_auth_usersocialauth (id, provider, uid, user_id, created, modified, extra_data) FROM stdin;
\.


--
-- Data for Name: socialaccount_socialaccount; Type: TABLE DATA; Schema: public; Owner: testrds
--

COPY public.socialaccount_socialaccount (id, provider, uid, last_login, date_joined, extra_data, user_id) FROM stdin;
\.


--
-- Data for Name: socialaccount_socialapp; Type: TABLE DATA; Schema: public; Owner: testrds
--

COPY public.socialaccount_socialapp (id, provider, name, client_id, secret, key, provider_id, settings) FROM stdin;
\.


--
-- Data for Name: socialaccount_socialtoken; Type: TABLE DATA; Schema: public; Owner: testrds
--

COPY public.socialaccount_socialtoken (id, token, token_secret, expires_at, account_id, app_id) FROM stdin;
\.


--
-- Name: account_emailaddress_id_seq; Type: SEQUENCE SET; Schema: public; Owner: testrds
--

SELECT pg_catalog.setval('public.account_emailaddress_id_seq', 1, false);


--
-- Name: account_emailconfirmation_id_seq; Type: SEQUENCE SET; Schema: public; Owner: testrds
--

SELECT pg_catalog.setval('public.account_emailconfirmation_id_seq', 1, false);


--
-- Name: app_cartitem_id_seq; Type: SEQUENCE SET; Schema: public; Owner: testrds
--

SELECT pg_catalog.setval('public.app_cartitem_id_seq', 1, false);


--
-- Name: app_category_id_seq; Type: SEQUENCE SET; Schema: public; Owner: testrds
--

SELECT pg_catalog.setval('public.app_category_id_seq', 1, false);


--
-- Name: app_customuser_groups_id_seq; Type: SEQUENCE SET; Schema: public; Owner: testrds
--

SELECT pg_catalog.setval('public.app_customuser_groups_id_seq', 1, false);


--
-- Name: app_customuser_id_seq; Type: SEQUENCE SET; Schema: public; Owner: testrds
--

SELECT pg_catalog.setval('public.app_customuser_id_seq', 1, false);


--
-- Name: app_customuser_user_permissions_id_seq; Type: SEQUENCE SET; Schema: public; Owner: testrds
--

SELECT pg_catalog.setval('public.app_customuser_user_permissions_id_seq', 1, false);


--
-- Name: app_order_id_seq; Type: SEQUENCE SET; Schema: public; Owner: testrds
--

SELECT pg_catalog.setval('public.app_order_id_seq', 1, false);


--
-- Name: app_order_product_id_seq; Type: SEQUENCE SET; Schema: public; Owner: testrds
--

SELECT pg_catalog.setval('public.app_order_product_id_seq', 1, false);


--
-- Name: app_orderitem_id_seq; Type: SEQUENCE SET; Schema: public; Owner: testrds
--

SELECT pg_catalog.setval('public.app_orderitem_id_seq', 1, false);


--
-- Name: app_product_id_seq; Type: SEQUENCE SET; Schema: public; Owner: testrds
--

SELECT pg_catalog.setval('public.app_product_id_seq', 1, false);


--
-- Name: app_userprofile_id_seq; Type: SEQUENCE SET; Schema: public; Owner: testrds
--

SELECT pg_catalog.setval('public.app_userprofile_id_seq', 3, true);


--
-- Name: auth_group_id_seq; Type: SEQUENCE SET; Schema: public; Owner: testrds
--

SELECT pg_catalog.setval('public.auth_group_id_seq', 1, false);


--
-- Name: auth_group_permissions_id_seq; Type: SEQUENCE SET; Schema: public; Owner: testrds
--

SELECT pg_catalog.setval('public.auth_group_permissions_id_seq', 1, false);


--
-- Name: auth_permission_id_seq; Type: SEQUENCE SET; Schema: public; Owner: testrds
--

SELECT pg_catalog.setval('public.auth_permission_id_seq', 88, true);


--
-- Name: django_admin_log_id_seq; Type: SEQUENCE SET; Schema: public; Owner: testrds
--

SELECT pg_catalog.setval('public.django_admin_log_id_seq', 1, false);


--
-- Name: django_content_type_id_seq; Type: SEQUENCE SET; Schema: public; Owner: testrds
--

SELECT pg_catalog.setval('public.django_content_type_id_seq', 22, true);


--
-- Name: django_migrations_id_seq; Type: SEQUENCE SET; Schema: public; Owner: testrds
--

SELECT pg_catalog.setval('public.django_migrations_id_seq', 62, true);


--
-- Name: social_auth_association_id_seq; Type: SEQUENCE SET; Schema: public; Owner: testrds
--

SELECT pg_catalog.setval('public.social_auth_association_id_seq', 1, false);


--
-- Name: social_auth_code_id_seq; Type: SEQUENCE SET; Schema: public; Owner: testrds
--

SELECT pg_catalog.setval('public.social_auth_code_id_seq', 1, false);


--
-- Name: social_auth_nonce_id_seq; Type: SEQUENCE SET; Schema: public; Owner: testrds
--

SELECT pg_catalog.setval('public.social_auth_nonce_id_seq', 1, false);


--
-- Name: social_auth_partial_id_seq; Type: SEQUENCE SET; Schema: public; Owner: testrds
--

SELECT pg_catalog.setval('public.social_auth_partial_id_seq', 1, false);


--
-- Name: social_auth_usersocialauth_id_seq; Type: SEQUENCE SET; Schema: public; Owner: testrds
--

SELECT pg_catalog.setval('public.social_auth_usersocialauth_id_seq', 1, false);


--
-- Name: socialaccount_socialaccount_id_seq; Type: SEQUENCE SET; Schema: public; Owner: testrds
--

SELECT pg_catalog.setval('public.socialaccount_socialaccount_id_seq', 1, false);


--
-- Name: socialaccount_socialapp_id_seq; Type: SEQUENCE SET; Schema: public; Owner: testrds
--

SELECT pg_catalog.setval('public.socialaccount_socialapp_id_seq', 1, false);


--
-- Name: socialaccount_socialtoken_id_seq; Type: SEQUENCE SET; Schema: public; Owner: testrds
--

SELECT pg_catalog.setval('public.socialaccount_socialtoken_id_seq', 1, false);


--
-- Name: account_emailaddress account_emailaddress_pkey; Type: CONSTRAINT; Schema: public; Owner: testrds
--

ALTER TABLE ONLY public.account_emailaddress
    ADD CONSTRAINT account_emailaddress_pkey PRIMARY KEY (id);


--
-- Name: account_emailaddress account_emailaddress_user_id_email_987c8728_uniq; Type: CONSTRAINT; Schema: public; Owner: testrds
--

ALTER TABLE ONLY public.account_emailaddress
    ADD CONSTRAINT account_emailaddress_user_id_email_987c8728_uniq UNIQUE (user_id, email);


--
-- Name: account_emailconfirmation account_emailconfirmation_key_key; Type: CONSTRAINT; Schema: public; Owner: testrds
--

ALTER TABLE ONLY public.account_emailconfirmation
    ADD CONSTRAINT account_emailconfirmation_key_key UNIQUE (key);


--
-- Name: account_emailconfirmation account_emailconfirmation_pkey; Type: CONSTRAINT; Schema: public; Owner: testrds
--

ALTER TABLE ONLY public.account_emailconfirmation
    ADD CONSTRAINT account_emailconfirmation_pkey PRIMARY KEY (id);


--
-- Name: app_cartitem app_cartitem_pkey; Type: CONSTRAINT; Schema: public; Owner: testrds
--

ALTER TABLE ONLY public.app_cartitem
    ADD CONSTRAINT app_cartitem_pkey PRIMARY KEY (id);


--
-- Name: app_category app_category_pkey; Type: CONSTRAINT; Schema: public; Owner: testrds
--

ALTER TABLE ONLY public.app_category
    ADD CONSTRAINT app_category_pkey PRIMARY KEY (id);


--
-- Name: app_customuser app_customuser_email_key; Type: CONSTRAINT; Schema: public; Owner: testrds
--

ALTER TABLE ONLY public.app_customuser
    ADD CONSTRAINT app_customuser_email_key UNIQUE (email);


--
-- Name: app_customuser_groups app_customuser_groups_customuser_id_group_id_a5a0ca22_uniq; Type: CONSTRAINT; Schema: public; Owner: testrds
--

ALTER TABLE ONLY public.app_customuser_groups
    ADD CONSTRAINT app_customuser_groups_customuser_id_group_id_a5a0ca22_uniq UNIQUE (customuser_id, group_id);


--
-- Name: app_customuser_groups app_customuser_groups_pkey; Type: CONSTRAINT; Schema: public; Owner: testrds
--

ALTER TABLE ONLY public.app_customuser_groups
    ADD CONSTRAINT app_customuser_groups_pkey PRIMARY KEY (id);


--
-- Name: app_customuser app_customuser_pkey; Type: CONSTRAINT; Schema: public; Owner: testrds
--

ALTER TABLE ONLY public.app_customuser
    ADD CONSTRAINT app_customuser_pkey PRIMARY KEY (id);


--
-- Name: app_customuser_user_permissions app_customuser_user_perm_customuser_id_permission_22e31019_uniq; Type: CONSTRAINT; Schema: public; Owner: testrds
--

ALTER TABLE ONLY public.app_customuser_user_permissions
    ADD CONSTRAINT app_customuser_user_perm_customuser_id_permission_22e31019_uniq UNIQUE (customuser_id, permission_id);


--
-- Name: app_customuser_user_permissions app_customuser_user_permissions_pkey; Type: CONSTRAINT; Schema: public; Owner: testrds
--

ALTER TABLE ONLY public.app_customuser_user_permissions
    ADD CONSTRAINT app_customuser_user_permissions_pkey PRIMARY KEY (id);


--
-- Name: app_customuser app_customuser_username_key; Type: CONSTRAINT; Schema: public; Owner: testrds
--

ALTER TABLE ONLY public.app_customuser
    ADD CONSTRAINT app_customuser_username_key UNIQUE (username);


--
-- Name: app_order app_order_pkey; Type: CONSTRAINT; Schema: public; Owner: testrds
--

ALTER TABLE ONLY public.app_order
    ADD CONSTRAINT app_order_pkey PRIMARY KEY (id);


--
-- Name: app_order_product app_order_product_order_id_product_id_f0f076b4_uniq; Type: CONSTRAINT; Schema: public; Owner: testrds
--

ALTER TABLE ONLY public.app_order_product
    ADD CONSTRAINT app_order_product_order_id_product_id_f0f076b4_uniq UNIQUE (order_id, product_id);


--
-- Name: app_order_product app_order_product_pkey; Type: CONSTRAINT; Schema: public; Owner: testrds
--

ALTER TABLE ONLY public.app_order_product
    ADD CONSTRAINT app_order_product_pkey PRIMARY KEY (id);


--
-- Name: app_orderitem app_orderitem_pkey; Type: CONSTRAINT; Schema: public; Owner: testrds
--

ALTER TABLE ONLY public.app_orderitem
    ADD CONSTRAINT app_orderitem_pkey PRIMARY KEY (id);


--
-- Name: app_product app_product_pkey; Type: CONSTRAINT; Schema: public; Owner: testrds
--

ALTER TABLE ONLY public.app_product
    ADD CONSTRAINT app_product_pkey PRIMARY KEY (id);


--
-- Name: app_userprofile app_userprofile_pkey; Type: CONSTRAINT; Schema: public; Owner: testrds
--

ALTER TABLE ONLY public.app_userprofile
    ADD CONSTRAINT app_userprofile_pkey PRIMARY KEY (id);


--
-- Name: app_userprofile app_userprofile_user_id_key; Type: CONSTRAINT; Schema: public; Owner: testrds
--

ALTER TABLE ONLY public.app_userprofile
    ADD CONSTRAINT app_userprofile_user_id_key UNIQUE (user_id);


--
-- Name: auth_group auth_group_name_key; Type: CONSTRAINT; Schema: public; Owner: testrds
--

ALTER TABLE ONLY public.auth_group
    ADD CONSTRAINT auth_group_name_key UNIQUE (name);


--
-- Name: auth_group_permissions auth_group_permissions_group_id_permission_id_0cd325b0_uniq; Type: CONSTRAINT; Schema: public; Owner: testrds
--

ALTER TABLE ONLY public.auth_group_permissions
    ADD CONSTRAINT auth_group_permissions_group_id_permission_id_0cd325b0_uniq UNIQUE (group_id, permission_id);


--
-- Name: auth_group_permissions auth_group_permissions_pkey; Type: CONSTRAINT; Schema: public; Owner: testrds
--

ALTER TABLE ONLY public.auth_group_permissions
    ADD CONSTRAINT auth_group_permissions_pkey PRIMARY KEY (id);


--
-- Name: auth_group auth_group_pkey; Type: CONSTRAINT; Schema: public; Owner: testrds
--

ALTER TABLE ONLY public.auth_group
    ADD CONSTRAINT auth_group_pkey PRIMARY KEY (id);


--
-- Name: auth_permission auth_permission_content_type_id_codename_01ab375a_uniq; Type: CONSTRAINT; Schema: public; Owner: testrds
--

ALTER TABLE ONLY public.auth_permission
    ADD CONSTRAINT auth_permission_content_type_id_codename_01ab375a_uniq UNIQUE (content_type_id, codename);


--
-- Name: auth_permission auth_permission_pkey; Type: CONSTRAINT; Schema: public; Owner: testrds
--

ALTER TABLE ONLY public.auth_permission
    ADD CONSTRAINT auth_permission_pkey PRIMARY KEY (id);


--
-- Name: django_admin_log django_admin_log_pkey; Type: CONSTRAINT; Schema: public; Owner: testrds
--

ALTER TABLE ONLY public.django_admin_log
    ADD CONSTRAINT django_admin_log_pkey PRIMARY KEY (id);


--
-- Name: django_content_type django_content_type_app_label_model_76bd3d3b_uniq; Type: CONSTRAINT; Schema: public; Owner: testrds
--

ALTER TABLE ONLY public.django_content_type
    ADD CONSTRAINT django_content_type_app_label_model_76bd3d3b_uniq UNIQUE (app_label, model);


--
-- Name: django_content_type django_content_type_pkey; Type: CONSTRAINT; Schema: public; Owner: testrds
--

ALTER TABLE ONLY public.django_content_type
    ADD CONSTRAINT django_content_type_pkey PRIMARY KEY (id);


--
-- Name: django_migrations django_migrations_pkey; Type: CONSTRAINT; Schema: public; Owner: testrds
--

ALTER TABLE ONLY public.django_migrations
    ADD CONSTRAINT django_migrations_pkey PRIMARY KEY (id);


--
-- Name: django_session django_session_pkey; Type: CONSTRAINT; Schema: public; Owner: testrds
--

ALTER TABLE ONLY public.django_session
    ADD CONSTRAINT django_session_pkey PRIMARY KEY (session_key);


--
-- Name: social_auth_association social_auth_association_pkey; Type: CONSTRAINT; Schema: public; Owner: testrds
--

ALTER TABLE ONLY public.social_auth_association
    ADD CONSTRAINT social_auth_association_pkey PRIMARY KEY (id);


--
-- Name: social_auth_association social_auth_association_server_url_handle_078befa2_uniq; Type: CONSTRAINT; Schema: public; Owner: testrds
--

ALTER TABLE ONLY public.social_auth_association
    ADD CONSTRAINT social_auth_association_server_url_handle_078befa2_uniq UNIQUE (server_url, handle);


--
-- Name: social_auth_code social_auth_code_email_code_801b2d02_uniq; Type: CONSTRAINT; Schema: public; Owner: testrds
--

ALTER TABLE ONLY public.social_auth_code
    ADD CONSTRAINT social_auth_code_email_code_801b2d02_uniq UNIQUE (email, code);


--
-- Name: social_auth_code social_auth_code_pkey; Type: CONSTRAINT; Schema: public; Owner: testrds
--

ALTER TABLE ONLY public.social_auth_code
    ADD CONSTRAINT social_auth_code_pkey PRIMARY KEY (id);


--
-- Name: social_auth_nonce social_auth_nonce_pkey; Type: CONSTRAINT; Schema: public; Owner: testrds
--

ALTER TABLE ONLY public.social_auth_nonce
    ADD CONSTRAINT social_auth_nonce_pkey PRIMARY KEY (id);


--
-- Name: social_auth_nonce social_auth_nonce_server_url_timestamp_salt_f6284463_uniq; Type: CONSTRAINT; Schema: public; Owner: testrds
--

ALTER TABLE ONLY public.social_auth_nonce
    ADD CONSTRAINT social_auth_nonce_server_url_timestamp_salt_f6284463_uniq UNIQUE (server_url, "timestamp", salt);


--
-- Name: social_auth_partial social_auth_partial_pkey; Type: CONSTRAINT; Schema: public; Owner: testrds
--

ALTER TABLE ONLY public.social_auth_partial
    ADD CONSTRAINT social_auth_partial_pkey PRIMARY KEY (id);


--
-- Name: social_auth_usersocialauth social_auth_usersocialauth_pkey; Type: CONSTRAINT; Schema: public; Owner: testrds
--

ALTER TABLE ONLY public.social_auth_usersocialauth
    ADD CONSTRAINT social_auth_usersocialauth_pkey PRIMARY KEY (id);


--
-- Name: social_auth_usersocialauth social_auth_usersocialauth_provider_uid_e6b5e668_uniq; Type: CONSTRAINT; Schema: public; Owner: testrds
--

ALTER TABLE ONLY public.social_auth_usersocialauth
    ADD CONSTRAINT social_auth_usersocialauth_provider_uid_e6b5e668_uniq UNIQUE (provider, uid);


--
-- Name: socialaccount_socialaccount socialaccount_socialaccount_pkey; Type: CONSTRAINT; Schema: public; Owner: testrds
--

ALTER TABLE ONLY public.socialaccount_socialaccount
    ADD CONSTRAINT socialaccount_socialaccount_pkey PRIMARY KEY (id);


--
-- Name: socialaccount_socialaccount socialaccount_socialaccount_provider_uid_fc810c6e_uniq; Type: CONSTRAINT; Schema: public; Owner: testrds
--

ALTER TABLE ONLY public.socialaccount_socialaccount
    ADD CONSTRAINT socialaccount_socialaccount_provider_uid_fc810c6e_uniq UNIQUE (provider, uid);


--
-- Name: socialaccount_socialapp socialaccount_socialapp_pkey; Type: CONSTRAINT; Schema: public; Owner: testrds
--

ALTER TABLE ONLY public.socialaccount_socialapp
    ADD CONSTRAINT socialaccount_socialapp_pkey PRIMARY KEY (id);


--
-- Name: socialaccount_socialtoken socialaccount_socialtoken_app_id_account_id_fca4e0ac_uniq; Type: CONSTRAINT; Schema: public; Owner: testrds
--

ALTER TABLE ONLY public.socialaccount_socialtoken
    ADD CONSTRAINT socialaccount_socialtoken_app_id_account_id_fca4e0ac_uniq UNIQUE (app_id, account_id);


--
-- Name: socialaccount_socialtoken socialaccount_socialtoken_pkey; Type: CONSTRAINT; Schema: public; Owner: testrds
--

ALTER TABLE ONLY public.socialaccount_socialtoken
    ADD CONSTRAINT socialaccount_socialtoken_pkey PRIMARY KEY (id);


--
-- Name: account_emailaddress_upper; Type: INDEX; Schema: public; Owner: testrds
--

CREATE INDEX account_emailaddress_upper ON public.account_emailaddress USING btree (upper((email)::text));


--
-- Name: account_emailaddress_user_id_2c513194; Type: INDEX; Schema: public; Owner: testrds
--

CREATE INDEX account_emailaddress_user_id_2c513194 ON public.account_emailaddress USING btree (user_id);


--
-- Name: account_emailconfirmation_email_address_id_5b7f8c58; Type: INDEX; Schema: public; Owner: testrds
--

CREATE INDEX account_emailconfirmation_email_address_id_5b7f8c58 ON public.account_emailconfirmation USING btree (email_address_id);


--
-- Name: account_emailconfirmation_key_f43612bd_like; Type: INDEX; Schema: public; Owner: testrds
--

CREATE INDEX account_emailconfirmation_key_f43612bd_like ON public.account_emailconfirmation USING btree (key varchar_pattern_ops);


--
-- Name: app_cartitem_product_id_f74e2343; Type: INDEX; Schema: public; Owner: testrds
--

CREATE INDEX app_cartitem_product_id_f74e2343 ON public.app_cartitem USING btree (product_id);


--
-- Name: app_cartitem_user_id_5085d435; Type: INDEX; Schema: public; Owner: testrds
--

CREATE INDEX app_cartitem_user_id_5085d435 ON public.app_cartitem USING btree (user_id);


--
-- Name: app_customuser_email_3fb68730_like; Type: INDEX; Schema: public; Owner: testrds
--

CREATE INDEX app_customuser_email_3fb68730_like ON public.app_customuser USING btree (email varchar_pattern_ops);


--
-- Name: app_customuser_groups_customuser_id_164d073f; Type: INDEX; Schema: public; Owner: testrds
--

CREATE INDEX app_customuser_groups_customuser_id_164d073f ON public.app_customuser_groups USING btree (customuser_id);


--
-- Name: app_customuser_groups_group_id_47e49ebd; Type: INDEX; Schema: public; Owner: testrds
--

CREATE INDEX app_customuser_groups_group_id_47e49ebd ON public.app_customuser_groups USING btree (group_id);


--
-- Name: app_customuser_user_permissions_customuser_id_4bcbaafb; Type: INDEX; Schema: public; Owner: testrds
--

CREATE INDEX app_customuser_user_permissions_customuser_id_4bcbaafb ON public.app_customuser_user_permissions USING btree (customuser_id);


--
-- Name: app_customuser_user_permissions_permission_id_c5920c75; Type: INDEX; Schema: public; Owner: testrds
--

CREATE INDEX app_customuser_user_permissions_permission_id_c5920c75 ON public.app_customuser_user_permissions USING btree (permission_id);


--
-- Name: app_customuser_username_e2e5005f_like; Type: INDEX; Schema: public; Owner: testrds
--

CREATE INDEX app_customuser_username_e2e5005f_like ON public.app_customuser USING btree (username varchar_pattern_ops);


--
-- Name: app_order_product_order_id_be0d8254; Type: INDEX; Schema: public; Owner: testrds
--

CREATE INDEX app_order_product_order_id_be0d8254 ON public.app_order_product USING btree (order_id);


--
-- Name: app_order_product_product_id_bf91d871; Type: INDEX; Schema: public; Owner: testrds
--

CREATE INDEX app_order_product_product_id_bf91d871 ON public.app_order_product USING btree (product_id);


--
-- Name: app_order_user_id_f25a9fc4; Type: INDEX; Schema: public; Owner: testrds
--

CREATE INDEX app_order_user_id_f25a9fc4 ON public.app_order USING btree (user_id);


--
-- Name: app_orderitem_order_id_41257a1b; Type: INDEX; Schema: public; Owner: testrds
--

CREATE INDEX app_orderitem_order_id_41257a1b ON public.app_orderitem USING btree (order_id);


--
-- Name: app_orderitem_product_id_5f40ddb0; Type: INDEX; Schema: public; Owner: testrds
--

CREATE INDEX app_orderitem_product_id_5f40ddb0 ON public.app_orderitem USING btree (product_id);


--
-- Name: app_product_category_id_023742a5; Type: INDEX; Schema: public; Owner: testrds
--

CREATE INDEX app_product_category_id_023742a5 ON public.app_product USING btree (category_id);


--
-- Name: auth_group_name_a6ea08ec_like; Type: INDEX; Schema: public; Owner: testrds
--

CREATE INDEX auth_group_name_a6ea08ec_like ON public.auth_group USING btree (name varchar_pattern_ops);


--
-- Name: auth_group_permissions_group_id_b120cbf9; Type: INDEX; Schema: public; Owner: testrds
--

CREATE INDEX auth_group_permissions_group_id_b120cbf9 ON public.auth_group_permissions USING btree (group_id);


--
-- Name: auth_group_permissions_permission_id_84c5c92e; Type: INDEX; Schema: public; Owner: testrds
--

CREATE INDEX auth_group_permissions_permission_id_84c5c92e ON public.auth_group_permissions USING btree (permission_id);


--
-- Name: auth_permission_content_type_id_2f476e4b; Type: INDEX; Schema: public; Owner: testrds
--

CREATE INDEX auth_permission_content_type_id_2f476e4b ON public.auth_permission USING btree (content_type_id);


--
-- Name: django_admin_log_content_type_id_c4bce8eb; Type: INDEX; Schema: public; Owner: testrds
--

CREATE INDEX django_admin_log_content_type_id_c4bce8eb ON public.django_admin_log USING btree (content_type_id);


--
-- Name: django_admin_log_user_id_c564eba6; Type: INDEX; Schema: public; Owner: testrds
--

CREATE INDEX django_admin_log_user_id_c564eba6 ON public.django_admin_log USING btree (user_id);


--
-- Name: django_session_expire_date_a5c62663; Type: INDEX; Schema: public; Owner: testrds
--

CREATE INDEX django_session_expire_date_a5c62663 ON public.django_session USING btree (expire_date);


--
-- Name: django_session_session_key_c0390e0f_like; Type: INDEX; Schema: public; Owner: testrds
--

CREATE INDEX django_session_session_key_c0390e0f_like ON public.django_session USING btree (session_key varchar_pattern_ops);


--
-- Name: social_auth_code_code_a2393167; Type: INDEX; Schema: public; Owner: testrds
--

CREATE INDEX social_auth_code_code_a2393167 ON public.social_auth_code USING btree (code);


--
-- Name: social_auth_code_code_a2393167_like; Type: INDEX; Schema: public; Owner: testrds
--

CREATE INDEX social_auth_code_code_a2393167_like ON public.social_auth_code USING btree (code varchar_pattern_ops);


--
-- Name: social_auth_code_timestamp_176b341f; Type: INDEX; Schema: public; Owner: testrds
--

CREATE INDEX social_auth_code_timestamp_176b341f ON public.social_auth_code USING btree ("timestamp");


--
-- Name: social_auth_partial_timestamp_50f2119f; Type: INDEX; Schema: public; Owner: testrds
--

CREATE INDEX social_auth_partial_timestamp_50f2119f ON public.social_auth_partial USING btree ("timestamp");


--
-- Name: social_auth_partial_token_3017fea3; Type: INDEX; Schema: public; Owner: testrds
--

CREATE INDEX social_auth_partial_token_3017fea3 ON public.social_auth_partial USING btree (token);


--
-- Name: social_auth_partial_token_3017fea3_like; Type: INDEX; Schema: public; Owner: testrds
--

CREATE INDEX social_auth_partial_token_3017fea3_like ON public.social_auth_partial USING btree (token varchar_pattern_ops);


--
-- Name: social_auth_usersocialauth_uid_796e51dc; Type: INDEX; Schema: public; Owner: testrds
--

CREATE INDEX social_auth_usersocialauth_uid_796e51dc ON public.social_auth_usersocialauth USING btree (uid);


--
-- Name: social_auth_usersocialauth_uid_796e51dc_like; Type: INDEX; Schema: public; Owner: testrds
--

CREATE INDEX social_auth_usersocialauth_uid_796e51dc_like ON public.social_auth_usersocialauth USING btree (uid varchar_pattern_ops);


--
-- Name: social_auth_usersocialauth_user_id_17d28448; Type: INDEX; Schema: public; Owner: testrds
--

CREATE INDEX social_auth_usersocialauth_user_id_17d28448 ON public.social_auth_usersocialauth USING btree (user_id);


--
-- Name: socialaccount_socialaccount_user_id_8146e70c; Type: INDEX; Schema: public; Owner: testrds
--

CREATE INDEX socialaccount_socialaccount_user_id_8146e70c ON public.socialaccount_socialaccount USING btree (user_id);


--
-- Name: socialaccount_socialtoken_account_id_951f210e; Type: INDEX; Schema: public; Owner: testrds
--

CREATE INDEX socialaccount_socialtoken_account_id_951f210e ON public.socialaccount_socialtoken USING btree (account_id);


--
-- Name: socialaccount_socialtoken_app_id_636a42d7; Type: INDEX; Schema: public; Owner: testrds
--

CREATE INDEX socialaccount_socialtoken_app_id_636a42d7 ON public.socialaccount_socialtoken USING btree (app_id);


--
-- Name: unique_verified_email; Type: INDEX; Schema: public; Owner: testrds
--

CREATE UNIQUE INDEX unique_verified_email ON public.account_emailaddress USING btree (email) WHERE verified;


--
-- Name: account_emailaddress account_emailaddress_user_id_2c513194_fk_app_customuser_id; Type: FK CONSTRAINT; Schema: public; Owner: testrds
--

ALTER TABLE ONLY public.account_emailaddress
    ADD CONSTRAINT account_emailaddress_user_id_2c513194_fk_app_customuser_id FOREIGN KEY (user_id) REFERENCES public.app_customuser(id) DEFERRABLE INITIALLY DEFERRED;


--
-- Name: account_emailconfirmation account_emailconfirm_email_address_id_5b7f8c58_fk_account_e; Type: FK CONSTRAINT; Schema: public; Owner: testrds
--

ALTER TABLE ONLY public.account_emailconfirmation
    ADD CONSTRAINT account_emailconfirm_email_address_id_5b7f8c58_fk_account_e FOREIGN KEY (email_address_id) REFERENCES public.account_emailaddress(id) DEFERRABLE INITIALLY DEFERRED;


--
-- Name: app_cartitem app_cartitem_product_id_f74e2343_fk_app_product_id; Type: FK CONSTRAINT; Schema: public; Owner: testrds
--

ALTER TABLE ONLY public.app_cartitem
    ADD CONSTRAINT app_cartitem_product_id_f74e2343_fk_app_product_id FOREIGN KEY (product_id) REFERENCES public.app_product(id) DEFERRABLE INITIALLY DEFERRED;


--
-- Name: app_cartitem app_cartitem_user_id_5085d435_fk_app_customuser_id; Type: FK CONSTRAINT; Schema: public; Owner: testrds
--

ALTER TABLE ONLY public.app_cartitem
    ADD CONSTRAINT app_cartitem_user_id_5085d435_fk_app_customuser_id FOREIGN KEY (user_id) REFERENCES public.app_customuser(id) DEFERRABLE INITIALLY DEFERRED;


--
-- Name: app_customuser_groups app_customuser_group_customuser_id_164d073f_fk_app_custo; Type: FK CONSTRAINT; Schema: public; Owner: testrds
--

ALTER TABLE ONLY public.app_customuser_groups
    ADD CONSTRAINT app_customuser_group_customuser_id_164d073f_fk_app_custo FOREIGN KEY (customuser_id) REFERENCES public.app_customuser(id) DEFERRABLE INITIALLY DEFERRED;


--
-- Name: app_customuser_groups app_customuser_groups_group_id_47e49ebd_fk_auth_group_id; Type: FK CONSTRAINT; Schema: public; Owner: testrds
--

ALTER TABLE ONLY public.app_customuser_groups
    ADD CONSTRAINT app_customuser_groups_group_id_47e49ebd_fk_auth_group_id FOREIGN KEY (group_id) REFERENCES public.auth_group(id) DEFERRABLE INITIALLY DEFERRED;


--
-- Name: app_customuser_user_permissions app_customuser_user__customuser_id_4bcbaafb_fk_app_custo; Type: FK CONSTRAINT; Schema: public; Owner: testrds
--

ALTER TABLE ONLY public.app_customuser_user_permissions
    ADD CONSTRAINT app_customuser_user__customuser_id_4bcbaafb_fk_app_custo FOREIGN KEY (customuser_id) REFERENCES public.app_customuser(id) DEFERRABLE INITIALLY DEFERRED;


--
-- Name: app_customuser_user_permissions app_customuser_user__permission_id_c5920c75_fk_auth_perm; Type: FK CONSTRAINT; Schema: public; Owner: testrds
--

ALTER TABLE ONLY public.app_customuser_user_permissions
    ADD CONSTRAINT app_customuser_user__permission_id_c5920c75_fk_auth_perm FOREIGN KEY (permission_id) REFERENCES public.auth_permission(id) DEFERRABLE INITIALLY DEFERRED;


--
-- Name: app_order_product app_order_product_order_id_be0d8254_fk_app_order_id; Type: FK CONSTRAINT; Schema: public; Owner: testrds
--

ALTER TABLE ONLY public.app_order_product
    ADD CONSTRAINT app_order_product_order_id_be0d8254_fk_app_order_id FOREIGN KEY (order_id) REFERENCES public.app_order(id) DEFERRABLE INITIALLY DEFERRED;


--
-- Name: app_order_product app_order_product_product_id_bf91d871_fk_app_product_id; Type: FK CONSTRAINT; Schema: public; Owner: testrds
--

ALTER TABLE ONLY public.app_order_product
    ADD CONSTRAINT app_order_product_product_id_bf91d871_fk_app_product_id FOREIGN KEY (product_id) REFERENCES public.app_product(id) DEFERRABLE INITIALLY DEFERRED;


--
-- Name: app_order app_order_user_id_f25a9fc4_fk_app_customuser_id; Type: FK CONSTRAINT; Schema: public; Owner: testrds
--

ALTER TABLE ONLY public.app_order
    ADD CONSTRAINT app_order_user_id_f25a9fc4_fk_app_customuser_id FOREIGN KEY (user_id) REFERENCES public.app_customuser(id) DEFERRABLE INITIALLY DEFERRED;


--
-- Name: app_orderitem app_orderitem_order_id_41257a1b_fk_app_order_id; Type: FK CONSTRAINT; Schema: public; Owner: testrds
--

ALTER TABLE ONLY public.app_orderitem
    ADD CONSTRAINT app_orderitem_order_id_41257a1b_fk_app_order_id FOREIGN KEY (order_id) REFERENCES public.app_order(id) DEFERRABLE INITIALLY DEFERRED;


--
-- Name: app_orderitem app_orderitem_product_id_5f40ddb0_fk_app_product_id; Type: FK CONSTRAINT; Schema: public; Owner: testrds
--

ALTER TABLE ONLY public.app_orderitem
    ADD CONSTRAINT app_orderitem_product_id_5f40ddb0_fk_app_product_id FOREIGN KEY (product_id) REFERENCES public.app_product(id) DEFERRABLE INITIALLY DEFERRED;


--
-- Name: app_product app_product_category_id_023742a5_fk_app_category_id; Type: FK CONSTRAINT; Schema: public; Owner: testrds
--

ALTER TABLE ONLY public.app_product
    ADD CONSTRAINT app_product_category_id_023742a5_fk_app_category_id FOREIGN KEY (category_id) REFERENCES public.app_category(id) DEFERRABLE INITIALLY DEFERRED;


--
-- Name: app_userprofile app_userprofile_user_id_370bd89d_fk_app_customuser_id; Type: FK CONSTRAINT; Schema: public; Owner: testrds
--

ALTER TABLE ONLY public.app_userprofile
    ADD CONSTRAINT app_userprofile_user_id_370bd89d_fk_app_customuser_id FOREIGN KEY (user_id) REFERENCES public.app_customuser(id) DEFERRABLE INITIALLY DEFERRED;


--
-- Name: auth_group_permissions auth_group_permissio_permission_id_84c5c92e_fk_auth_perm; Type: FK CONSTRAINT; Schema: public; Owner: testrds
--

ALTER TABLE ONLY public.auth_group_permissions
    ADD CONSTRAINT auth_group_permissio_permission_id_84c5c92e_fk_auth_perm FOREIGN KEY (permission_id) REFERENCES public.auth_permission(id) DEFERRABLE INITIALLY DEFERRED;


--
-- Name: auth_group_permissions auth_group_permissions_group_id_b120cbf9_fk_auth_group_id; Type: FK CONSTRAINT; Schema: public; Owner: testrds
--

ALTER TABLE ONLY public.auth_group_permissions
    ADD CONSTRAINT auth_group_permissions_group_id_b120cbf9_fk_auth_group_id FOREIGN KEY (group_id) REFERENCES public.auth_group(id) DEFERRABLE INITIALLY DEFERRED;


--
-- Name: auth_permission auth_permission_content_type_id_2f476e4b_fk_django_co; Type: FK CONSTRAINT; Schema: public; Owner: testrds
--

ALTER TABLE ONLY public.auth_permission
    ADD CONSTRAINT auth_permission_content_type_id_2f476e4b_fk_django_co FOREIGN KEY (content_type_id) REFERENCES public.django_content_type(id) DEFERRABLE INITIALLY DEFERRED;


--
-- Name: django_admin_log django_admin_log_content_type_id_c4bce8eb_fk_django_co; Type: FK CONSTRAINT; Schema: public; Owner: testrds
--

ALTER TABLE ONLY public.django_admin_log
    ADD CONSTRAINT django_admin_log_content_type_id_c4bce8eb_fk_django_co FOREIGN KEY (content_type_id) REFERENCES public.django_content_type(id) DEFERRABLE INITIALLY DEFERRED;


--
-- Name: django_admin_log django_admin_log_user_id_c564eba6_fk_app_customuser_id; Type: FK CONSTRAINT; Schema: public; Owner: testrds
--

ALTER TABLE ONLY public.django_admin_log
    ADD CONSTRAINT django_admin_log_user_id_c564eba6_fk_app_customuser_id FOREIGN KEY (user_id) REFERENCES public.app_customuser(id) DEFERRABLE INITIALLY DEFERRED;


--
-- Name: social_auth_usersocialauth social_auth_usersoci_user_id_17d28448_fk_app_custo; Type: FK CONSTRAINT; Schema: public; Owner: testrds
--

ALTER TABLE ONLY public.social_auth_usersocialauth
    ADD CONSTRAINT social_auth_usersoci_user_id_17d28448_fk_app_custo FOREIGN KEY (user_id) REFERENCES public.app_customuser(id) DEFERRABLE INITIALLY DEFERRED;


--
-- Name: socialaccount_socialtoken socialaccount_social_account_id_951f210e_fk_socialacc; Type: FK CONSTRAINT; Schema: public; Owner: testrds
--

ALTER TABLE ONLY public.socialaccount_socialtoken
    ADD CONSTRAINT socialaccount_social_account_id_951f210e_fk_socialacc FOREIGN KEY (account_id) REFERENCES public.socialaccount_socialaccount(id) DEFERRABLE INITIALLY DEFERRED;


--
-- Name: socialaccount_socialtoken socialaccount_social_app_id_636a42d7_fk_socialacc; Type: FK CONSTRAINT; Schema: public; Owner: testrds
--

ALTER TABLE ONLY public.socialaccount_socialtoken
    ADD CONSTRAINT socialaccount_social_app_id_636a42d7_fk_socialacc FOREIGN KEY (app_id) REFERENCES public.socialaccount_socialapp(id) DEFERRABLE INITIALLY DEFERRED;


--
-- Name: socialaccount_socialaccount socialaccount_social_user_id_8146e70c_fk_app_custo; Type: FK CONSTRAINT; Schema: public; Owner: testrds
--

ALTER TABLE ONLY public.socialaccount_socialaccount
    ADD CONSTRAINT socialaccount_social_user_id_8146e70c_fk_app_custo FOREIGN KEY (user_id) REFERENCES public.app_customuser(id) DEFERRABLE INITIALLY DEFERRED;


--
-- PostgreSQL database dump complete
--

